	Reaction ID	Flux rate
0	R02434__chlo	0.0
1	T_L_Tyrosine_V2__mitmem	0.0
2	TR0011455_PLAS__ermem	0.0
3	R01652__cytop	0.0
4	R00243__mito	0.0
5	PKS_C204__cytop	0.0
6	EX_C00188__dra	-0.0
7	EX_C05839__dra	-0.0
8	R03362__cytop	0.0
9	R04537__cytop	0.0
10	R02731__cytop	0.0
11	TO1000117_PLAS__plas	0.0
12	R00010__cytop	0.0
13	R07396__chlo	0.0
14	R00848__mito	0.0
15	T_CoA___chlomem	0.0
16	R08174__cytop	0.0
17	TO1000157_PLAS__plas	0.0
18	TO1000060_PLAS__plas	0.0
19	R12205__chlo	0.0
20	R07084__cytop	0.0
21	R07109__cytop	0.0
22	R08183__mito	0.0
23	R01731__chlo	0.0
24	R04355__mito	0.0
25	T_UDPG__chlomem	0.0
26	R06610__cytop	0.0
27	R03479__nucl	0.0
28	EX_C00899__dra	-0.0
29	R00010__vacu	0.0
30	TO0000081_PLAS__ermem	0.0
31	TI3000142_PLAS__chlomem	0.0
32	R01626__chlo	0.0
33	EX_C00181__dra	-0.0
34	R10039__cytop	0.0
35	R08600__extr	0.0
36	R05050__cytop	0.0
37	R05616__cytop	0.0
38	R00177__cytop	0.0
39	R10035__chlo	0.0
40	R00188__cytop	0.0
41	EX_C01019__dra	-0.0
42	R03681__e_r_	0.0
43	R00502__cytop	0.0
44	R06267__chlo	0.0
45	R08190__pero	0.0
46	R04566__mito	0.0
47	R02250__cytop	0.0
48	R08163__cytop	0.0
49	R02480__chlo	0.0
50	R09540__mito	0.0
51	R01954__cytop	0.0
52	R07083__e_r_	0.0
53	T_7_Dehydrocholesterol__ermem	0.0
54	R06728__e_r_	0.0
55	R05553__cytop	0.0
56	R01218__cytop	0.0
57	R04716__cytop	0.0
58	R03530__cytop	0.0
59	R01039__cytop	0.0
60	T_Glycolate__chlomem	0.0
61	R09432__cytop	0.0
62	R00112__chlo	0.0
63	TZ2900041_PLAS__plas	0.0
64	R01229__cytop	0.0
65	T_AKGMALth__chlomem	0.0
66	R00351__pero	0.0
67	R06875__e_r_	0.0
68	T_L_Aspartate_V1__mitmem	0.0
69	R00573__cytop	0.0
70	R01641__cytop	0.0
71	R03458__chlo	0.0
72	R04224__chlo	0.0
73	R01220__mito	0.0
74	R06867__chlo	0.0
75	T_GLX__permem	0.0
76	R07024__chlo	0.0
77	R02887__cytop	0.0
78	R00139__cytop	0.0
79	R04463__cytop	0.0
80	R02107__cytop	0.0
81	R00897__cytop	0.0
82	R04955__mito	0.0
83	RXN_11887__e_r_	0.0
84	R04742__pero	0.0
85	R01274__pero	0.0
86	R07079__e_r_	0.0
87	R10056__nucl	0.0
88	R04430__cytop	0.0
89	R01216__mito	0.0
90	AMOBR__mito	0.0
91	R03664__cytop	0.0
92	R00344__mito	0.0
93	TO0000667_PLAS__plas	0.0
94	TO1000054_PLAS__plas	0.0
95	R00842__cytop	0.0
96	R01786__cytop	0.0
97	R01773__chlo	0.0
98	R02853__mito	0.0
99	R00372__cytop	0.0
100	T_Ammonia_V2__mitmem	0.0
101	R11921__cytop	0.0
102	R05637__chlo	0.0
103	R08344__e_r_	0.0
104	R05616__mito	0.0
105	R09465__cytop	0.0
106	R10288__chlo	0.0
107	R05640__e_r_	0.0
108	R00475__pero	0.0
109	R02558__cytop	0.0
110	R01752__mito	0.0
111	EX_C00777__dra	-0.0
112	R04749__mito	0.0
113	R04208__mito	0.0
114	R01361__cytop	0.0
115	R08174__mito	0.0
116	R04198__chlo	0.0
117	R01372__cytop	0.0
118	T_OOA__permem	0.0
119	R04964__mito	0.0
120	TO0000304_PLAS__plas	0.0
121	R04798__chlo	0.0
122	R03161__cytop	0.0
123	R10992__cytop	0.0
124	R03313__cytop	0.0
125	R00995__mito	0.0
126	R00513__cytop	0.0
127	TO1000053_PLAS__plas	0.0
128	R02530__chlo	0.0
129	R07100__e_r_	0.0
130	T_AMETtn__nucmem	0.0
131	R07364__cytop	0.0
132	R00307__cytop	0.0
133	T_PNC_V1__permem	0.0
134	R00927__cytop	0.0
135	R10280__mito	0.0
136	R04967__chlo	0.0
137	R07215__e_r_	0.0
138	R10764__cytop	0.0
139	T_Oxygen_V4__permem	0.0
140	R00658__chlo	0.0
141	R10170__mito	0.0
142	R08179__mito	0.0
143	EX_e_Biomass__dra	-0.0
144	R04744__mito	0.0
145	R08258__extr	0.0
146	R05800__cytop	0.0
147	R00155__cytop	0.0
148	R00548__chlo	0.0
149	EX_C00267__dra	0.0
150	R11099__cytop	0.0
151	RXN_11878__e_r_	0.0
152	R00513__nucl	0.0
153	R04691__cytop	0.0
154	R01799__mito	0.0
155	R02565__mito	0.0
156	R04969__mito	0.0
157	R00390__mito	0.0
158	PRISM_fluorescent_cool_215W__extr	0.0
159	R07046__e_r_	0.0
160	R04533__mito	0.0
161	R04756__chlo	0.0
162	R02251__chlo	0.0
163	T_Hydrogen_V1__chlomem	0.0
164	R10124__mito	0.0
165	R02404__mito	0.0
166	R02581__chlo	0.0
167	TO1100073_PLAS__plas	0.0
168	R04559__cytop	0.0
169	R08539__cytop	0.0
170	EX_C14818__dra	0.0
171	T_MALOAAth__chlomem	0.0
172	R05506__mito	0.0
173	R07136__cytop	0.0
174	R03393__e_r_	0.0
175	TO0000021_PLAS__plas	0.0
176	R10245__cytop	0.0
177	TO1000227_PLAS__plas	0.0
178	R02691__chlo	0.0
179	R03183__cytop	0.0
180	R01209__chlo	0.0
181	R03346__cytop	0.0
182	R04430__chlo	0.0
183	TR0011422_PLAS__ermem	0.0
184	R03657__mito	0.0
185	R03877__mito	0.0
186	R10115__mito	0.0
187	R01279__pero	0.0
188	R01569__cytop	0.0
189	R04325__cytop	0.0
190	R11101__mito	0.0
191	R03664__chlo	0.0
192	R03123__cytop	0.0
193	T_H2S_V1__mitmem	0.0
194	R11104__chlo	0.0
195	R08094__pero	0.0
196	R04144__mito	0.0
197	R03661__mito	0.0
198	T_L_Asparagine_V1__ermem	0.0
199	R08569__e_r_	0.0
200	R02313__cytop	0.0
201	R01880__cytop	0.0
202	R03217__mito	0.0
203	R04536__chlo	0.0
204	R12024__mito	0.0
205	EX_C00041__dra	-0.0
206	R10039__extr	0.0
207	R04203__mito	0.0
208	R08220__extr	0.0
209	TO1100709_PLAS__plas	0.0
210	R01547__cytop	0.0
211	R00472__mito	0.0
212	RXN_14485__e_r_	0.0
213	R01010__cytop	0.0
214	R04831__mito	0.0
215	R11372__mito	0.0
216	R01059__chlo	0.0
217	R03165__chlo	0.0
218	R04726__mito	0.0
219	R02106__mito	0.0
220	R01858__mito	0.0
221	PKS_C185__cytop	0.0
222	R00662__chlo	0.0
223	PRISM_solar_litho__extr	0.0
224	R00751__mito	0.0
225	TO1000226_PLAS__plas	0.0
226	R04770__cytop	0.0
227	R05799__cytop	0.0
228	EX_C00027__dra	-0.0
229	R00014__mito	0.0
230	R02057__golg	0.0
231	R03530__chlo	0.0
232	R00087__cytop	0.0
233	R02976__cytop	0.0
234	R09409__e_r_	0.0
235	TI3000022_PLAS__plas	0.0
236	R00335__nucl	0.0
237	TO1025981_PLAS__plas	0.0
238	R07481__e_r_	0.0
239	T_FAD__chlomem	0.0
240	R04941__mito	0.0
241	R04998__e_r_	0.0
242	R04463__chlo	0.0
243	R05548__cytop	0.0
244	R03471__chlo	0.0
245	R04170__pero	0.0
246	R05202__cytop	0.0
247	R02840__e_r_	0.0
248	T_Tetradecanoic_acid__chlomem	0.0
249	R04552__mito	0.0
250	R07092__e_r_	0.0
251	EX_C00077__dra	-0.0
252	R12391__mito	0.0
253	R07052__chlo	0.0
254	R09404__e_r_	0.0
255	T_Methanol__mitmem	0.0
256	R10993__chlo	0.0
257	R03283__cytop	0.0
258	R07263__pero	0.0
259	R02530__cytop	0.0
260	R03050__chlo	0.0
261	R04801__chlo	0.0
262	R00236__chlo	0.0
263	R05578__chlo	0.0
264	R04962__chlo	0.0
265	T_Farnesyl_diphosphate__chlomem	0.0
266	e_Cofactor__cytop	0.0
267	TO1102611_PLAS__plas	0.0
268	T_L_Tyrosine_V1__vacmem	0.0
269	R00209__chlo	0.0
270	R02063__chlo	0.0
271	R03067__cytop	0.0
272	R03352__pero	0.0
273	R05688__chlo	0.0
274	R01185__mito	0.0
275	R04591__cytop	0.0
276	R11044__e_r_	0.0
277	R00515__chlo	0.0
278	RXN_21836__e_r_	0.0
279	R09394__mito	0.0
280	R01274__chlo	0.0
281	R10118__cytop	0.0
282	R05320__chlo	0.0
283	R11891__cytop	0.0
284	R03596__cytop	0.0
285	R04804__e_r_	0.0
286	R00899__nucl	0.0
287	R01775__cytop	0.0
288	R00316__mito	0.0
289	R06517__e_r_	0.0
290	R00987__cytop	0.0
291	T_CO2_V5__nucmem	0.0
292	R04928__cytop	0.0
293	PEROX__pero	0.0
294	R00925__mito	0.0
295	T_AHCYStn__nucmem	0.0
296	EX_C05361__dra	-0.0
297	R12479__golg	0.0
298	T__5Z_8Z_11Z_14Z_17Z__Icosapentaenoyl_CoA__ermem	0.0
299	R07055__e_r_	0.0
300	R00897__chlo	0.0
301	R02484__cytop	0.0
302	R08391__chlo	0.0
303	R11100__cytop	0.0
304	TR2000009_PLAS__mitmem	0.0
305	EX_C00073__dra	0.0
306	TO1000259_PLAS__plas	0.0
307	R03270__chlo	0.0
308	TZ2900034_PLAS__plas	0.0
309	R01354__mito	0.0
310	R00965__cytop	0.0
311	R00705__mito	0.0
312	R00904__chlo	0.0
313	R03827__cytop	0.0
314	R04866__cytop	0.0
315	R10057__e_r_	0.0
316	EX_C00217__dra	0.0
317	R10563__cytop	0.0
318	R01498__e_r_	0.0
319	R07004__e_r_	0.0
320	R10092__cytop	0.0
321	R00943__cytop	0.0
322	R00206__mito	0.0
323	R04682__e_r_	0.0
324	R02543__e_r_	0.0
325	EX_C12650__dra	-0.0
326	R01187__chlo	0.0
327	T_Glycine_V1__mitmem	0.0
328	EX_C07446__dra	-0.0
329	R02093__mito	0.0
330	R07978__cytop	0.0
331	R09067__chlo	0.0
332	R04001__mito	0.0
333	R02283__chlo	0.0
334	PKS_C82__cytop	0.0
335	R00904__cytop	0.0
336	RXN_16380__e_r_	0.0
337	R01466__chlo	0.0
338	R02017__cytop	0.0
339	R12657__mito	0.0
340	R04580__cytop	0.0
341	R03045__cytop	0.0
342	EX_C02805__dra	-0.0
343	R07274__cytop	0.0
344	R03428__nucl	0.0
345	R11804__chlo	0.0
346	R09405__chlo	0.0
347	R08280__e_r_	0.0
348	R03697__chlo	0.0
349	TO1100190_PLAS__plas	0.0
350	TI3000930_PLAS__plas	0.0
351	R10436__golg	0.0
352	R08091__mito	0.0
353	R02326__mito	0.0
354	R03648__cytop	0.0
355	R07606__cytop	0.0
356	R09958__mito	0.0
357	R02094__mito	0.0
358	R02294__cytop	0.0
359	TO0000246_PLAS__vacmem	0.0
360	R00434__cytop	0.0
361	R00129__mito	0.0
362	T_CO2_V1__chlomem	0.0
363	T_L_Ascorbate__chlomem	0.0
364	R03659__cytop	0.0
365	R10122__cytop	0.0
366	R02488__mito	0.0
367	R02549__chlo	0.0
368	R07023__e_r_	0.0
369	PKS_C163__cytop	0.0
370	R12172__e_r_	0.0
371	TO1000274_PLAS__plas	0.0
372	R00494__pero	0.0
373	EX_C16641__dra	0.0
374	TZ2900002_PLAS__vacmem	0.0
375	R02487__mito	0.0
376	T_Diphosphate__ermem	0.0
377	EX_C00070__dra	0.0
378	R09477__cytop	0.0
379	R04946__mito	0.0
380	R08390__e_r_	0.0
381	R00531__mito	0.0
382	R01665__mito	0.0
383	R01827__cytop	0.0
384	R03197__chlo	0.0
385	R04998__vacu	0.0
386	T_URATEtm__mitmem	0.0
387	R03036__chlo	0.0
388	R00899__mito	0.0
389	R10039__e_r_	0.0
390	R07116__chlo	0.0
391	PKS_C60__cytop	0.0
392	R04506__mito	0.0
393	R01071__cytop	0.0
394	R03971__cytop	0.0
395	R09737__mito	0.0
396	R00702__e_r_	0.0
397	R02047__mito	0.0
398	R02093__cytop	0.0
399	R01021__cytop	0.0
400	R07070__chlo	0.0
401	R00582__mito	0.0
402	EX_C05688__dra	-0.0
403	R08267__e_r_	0.0
404	R10039__vacu	0.0
405	R04747__pero	0.0
406	R08733__cytop	0.0
407	T_OAAICITtm__mitmem	0.0
408	R02098__mito	0.0
409	T_CO__plas	0.0
410	T_L_Threonine__chlomem	0.0
411	R00424__chlo	0.0
412	T_CMP_V3__golmem	0.0
413	TO1000751_PLAS__plas	0.0
414	R01626__cytop	0.0
415	R04960__cytop	0.0
416	R04100__pero	0.0
417	R07509__e_r_	0.0
418	R00089__nucl	0.0
419	R08237__cytop	0.0
420	R12173__e_r_	0.0
421	R11319__cytop	0.0
422	R02327__nucl	0.0
423	e_Lipid__cytop	0.0
424	R08177__pero	0.0
425	R02408__cytop	0.0
426	R04681__e_r_	0.0
427	R11308__cytop	0.0
428	R01070__mito	0.0
429	R00277__cytop	0.0
430	R03469__cytop	0.0
431	R07945__chlo	0.0
432	R00362__mito	0.0
433	R01054__cytop	0.0
434	R04956__cytop	0.0
435	R04170__chlo	0.0
436	T_Ammonia_V4__ermem	0.0
437	R12017__chlo	0.0
438	R12169__e_r_	0.0
439	EX_C00159__dra	-0.0
440	R05575__mito	0.0
441	R07896__pero	0.0
442	R03659__chlo	0.0
443	TZ2900003_PLAS__plas	0.0
444	TO3000696_PLAS__plas	0.0
445	R11319__chlo	0.0
446	R02558__extr	0.0
447	R01939__cytop	0.0
448	R01843__cytop	0.0
449	R03083__cytop	0.0
450	R07627__cytop	0.0
451	R07043__chlo	0.0
452	R07943__e_r_	0.0
453	TZ2900023_PLAS__chlomem	0.0
454	T_OAACITtm__mitmem	0.0
455	R00926__mito	0.0
456	T_Hydrogen_Peroxide_V2__chlomem	0.0
457	R08280__cytop	0.0
458	TI3001536_PLAS__plas	0.0
459	R07051__chlo	0.0
460	TR0000020_PLAS__mitmem	0.0
461	R10546__cytop	0.0
462	R00127__chlo	0.0
463	EX_C00080__dra	0.0
464	R00143__cytop	0.0
465	R02356__chlo	0.0
466	T_Diphosphate_V1__permem	0.0
467	R08249__e_r_	0.0
468	R06982__cytop	0.0
469	R03472__chlo	0.0
470	TO1000275_PLAS__plas	0.0
471	EX_C00328__dra	-0.0
472	T__6Z_9Z_12Z__Hexadecatrienoyl_CoA__ermem	0.0
473	R06865__mito	0.0
474	RXN_12777__e_r_	0.0
475	R10633__mito	0.0
476	EX_C06232__dra	-0.0
477	R08945__cytop	0.0
478	R11099__mito	0.0
479	R04847__e_r_	0.0
480	T_Tetrahydrofolate__chlomem	0.0
481	R00514__cytop	0.0
482	R03314__cytop	0.0
483	R00742__cytop	0.0
484	R02334__cytop	0.0
485	R02892__e_r_	0.0
486	TR2000137_PLAS__mitmem	0.0
487	R09420__mito	0.0
488	R08954__e_r_	0.0
489	R00684__cytop	0.0
490	R03088__chlo	0.0
491	R07098__e_r_	0.0
492	R00239__cytop	0.0
493	R06522__chlo	0.0
494	R05165__chlo	0.0
495	e_RNA__cytop	0.0
496	R07056__chlo	0.0
497	RXN_12997__e_r_	0.0
498	R12427__mito	0.0
499	R07135__cytop	0.0
500	TI2000430_PLAS__plas	0.0
501	R06960__cytop	0.0
502	R08162__cytop	0.0
503	R06286__chlo	0.0
504	EX_C03855__dra	-0.0
505	R00357__cytop	0.0
506	R07396__cytop	0.0
507	R03777__mito	0.0
508	R04543__mito	0.0
509	TO1000588_PLAS__plas	0.0
510	R08258__cytop	0.0
511	R01082__chlo	0.0
512	R00569__golg	0.0
513	TI3000282_PLAS__ermem	0.0
514	R04137__chlo	0.0
515	R02208__e_r_	0.0
516	TR2000106_PLAS__chlomem	0.0
517	TO1000085_PLAS__plas	0.0
518	R03552__nucl	0.0
519	R07009__cytop	0.0
520	TR2900003_PLAS__mitmem	0.0
521	R05615__cytop	0.0
522	R09381__e_r_	0.0
523	R05046__cytop	0.0
524	R04957__chlo	0.0
525	R07606__chlo	0.0
526	EX_C08334__dra	-0.0
527	R05002__cytop	0.0
528	R07897__mito	0.0
529	R02035__chlo	0.0
530	R00959__cytop	0.0
531	R00465__chlo	0.0
532	R03968__mito	0.0
533	R01899__mito	0.0
534	R04681__cytop	0.0
535	RXN_13298__e_r_	0.0
536	EX_C00378__dra	-0.0
537	R07080__chlo	0.0
538	R07889__mito	0.0
539	R02372__cytop	0.0
540	R10991__cytop	0.0
541	R04737__pero	0.0
542	EX_C11004__dra	-0.0
543	R04536__cytop	0.0
544	R02078__cytop	0.0
545	R00706__mito	0.0
546	R01492__mito	0.0
547	R04738__chlo	0.0
548	T_H2O_V2__mitmem	0.0
549	R07267__chlo	0.0
550	R05731__e_r_	0.0
551	R03654__chlo	0.0
552	EX_C00088__dra	-0.0
553	R01401__cytop	0.0
554	R04429__mito	0.0
555	R11043__e_r_	0.0
556	R01827__chlo	0.0
557	R07083__cytop	0.0
558	T_UMP__chlomem	0.0
559	R02241__e_r_	0.0
560	R00710__mito	0.0
561	R08312__chlo	0.0
562	RXN_21837__e_r_	0.0
563	R06366__mito	0.0
564	R07048__chlo	0.0
565	R07113__cytop	0.0
566	T_ADP__chlomem	0.0
567	R01049__chlo	0.0
568	R00885__cytop	0.0
569	R09653__chlo	0.0
570	T_AKGICITtm__mitmem	0.0
571	R07136__mito	0.0
572	R00115__mito	0.0
573	R11262__cytop	0.0
574	T_SAMT1_V1__mitmem	0.0
575	T_CMP__chlomem	0.0
576	R12423__mito	0.0
577	R07898__mito	0.0
578	T_alpha_D_Glucose__ermem	0.0
579	R01519__cytop	0.0
580	R00192__cytop	0.0
581	R03674__cytop	0.0
582	R00187__cytop	0.0
583	R01101__cytop	0.0
584	R00274__chlo	0.0
585	R02568__chlo	0.0
586	R10633__nucl	0.0
587	R09366__mito	0.0
588	R00335__cytop	0.0
589	R02133__cytop	0.0
590	R09735__cytop	0.0
591	R10953__cytop	0.0
592	R04929__cytop	0.0
593	R00156__mito	0.0
594	TO3000773_PLAS__plas	0.0
595	R01281__e_r_	0.0
596	TZ3101427_PLAS__plas	0.0
597	R06272__chlo	0.0
598	EX_C05684__dra	-0.0
599	EX_G00012__dra	-0.0
600	R07762__chlo	0.0
601	R00287__chlo	0.0
602	DEDOLP2__chlo	0.0
603	R02906__cytop	0.0
604	R00330__mito	0.0
605	R00662__cytop	0.0
606	R00021__chlo	0.0
607	T_L_Threonine_V1__mitmem	0.0
608	T_5_Deoxyadenosine_V1__mitmem	0.0
609	R00028__cytop	0.0
610	TR2000129_PLAS__mitmem	0.0
611	R01138__mito	0.0
612	R01194__cytop	0.0
613	TZ3100045_PLAS__ermem	0.0
614	R02408__mito	0.0
615	R08632__cytop	0.0
616	R01470__extr	0.0
617	R07085__chlo	0.0
618	R07093__e_r_	0.0
619	R07000__e_r_	0.0
620	R00659__chlo	0.0
621	TZ3100041_E_R___ermem	0.0
622	R08310__cytop	0.0
623	ATPase__chlo	0.0
624	R01030__extr	0.0
625	R02199__cytop	0.0
626	R05633__chlo	0.0
627	R00900__chlo	0.0
628	R04204__mito	0.0
629	EX_C00870__dra	-0.0
630	EX_C00038__dra	0.0
631	R03416__extr	0.0
632	R01700__mito	0.0
633	R00127__cytop	0.0
634	EX_C00385__dra	-0.0
635	R06722__golg	0.0
636	R08287__chlo	0.0
637	R01857__mito	0.0
638	R02570__mito	0.0
639	EX_C04438__dra	-0.0
640	R00833__mito	0.0
641	R03652__cytop	0.0
642	R08345__chlo	0.0
643	TO3000350_PLAS__plas	0.0
644	R08175__cytop	0.0
645	R12459__cytop	0.0
646	TO3000759_PLAS__plas	0.0
647	R07891__pero	0.0
648	R00935__mito	0.0
649	R09658__chlo	0.0
650	R07108__cytop	0.0
651	TO1000258_PLAS__plas	0.0
652	R05069__chlo	0.0
653	R00105__cytop	0.0
654	R01395__cytop	0.0
655	EX_C07073__dra	-0.0
656	R00275__mito	0.0
657	R03991__mito	0.0
658	EX_C00116__dra	0.0
659	R09442__cytop	0.0
660	R01351__cytop	0.0
661	R03330__cytop	0.0
662	RXN_21831__e_r_	0.0
663	R09420__cytop	0.0
664	R07890__pero	0.0
665	R05441__cytop	0.0
666	R02832__cytop	0.0
667	R01185__golg	0.0
668	R04638__cytop	0.0
669	TO3000351_CHLO__chlomem	0.0
670	R09365__cytop	0.0
671	R08249__extr	0.0
672	R02199__mito	0.0
673	R01018__cytop	0.0
674	R04035__cytop	0.0
675	T_L_Leucine__chlomem	0.0
676	R02737__cytop	0.0
677	R00342__pero	0.0
678	R03503__cytop	0.0
679	R08249__cytop	0.0
680	R05070__chlo	0.0
681	R03636__cytop	0.0
682	DM_photon450__chlo	-0.0
683	R00967__nucl	0.0
684	R02558__vacu	0.0
685	R01716__cytop	0.0
686	EX_C05143__dra	-0.0
687	TI3001537_PLAS__plas	0.0
688	R00289__cytop	0.0
689	R02094__cytop	0.0
690	TO0000367_PLAS__vacmem	0.0
691	R04391__mito	0.0
692	R01547__nucl	0.0
693	R02558__e_r_	0.0
694	R08286__cytop	0.0
695	T_MAL_L__permem	0.0
696	R07084__chlo	0.0
697	R01132__cytop	0.0
698	R08409__chlo	0.0
699	R11010__e_r_	0.0
700	R08270__e_r_	0.0
701	R00366__cytop	0.0
702	R05988__golg	0.0
703	R04171__cytop	0.0
704	R05692__cytop	0.0
705	R02940__mito	0.0
706	T_L_Histidine__chlomem	0.0
707	R07765__mito	0.0
708	R04143__pero	0.0
709	R01092__cytop	0.0
710	R11098__mito	0.0
711	R02569__mito	0.0
712	R01658__cytop	0.0
713	R03026__chlo	0.0
714	R01070__cytop	0.0
715	R04739__mito	0.0
716	R02661__mito	0.0
717	R00619__cytop	0.0
718	T_Aminoimidazole_ribotide__chlomem	0.0
719	TO1003193_PLAS__plas	0.0
720	TR0000049_CHLO__chlomem	0.0
721	R03970__cytop	0.0
722	T_CoA_V1__mitmem	0.0
723	R04972__cytop	0.0
724	EX_C01594__dra	-0.0
725	R09538__cytop	0.0
726	R04420__pero	0.0
727	R01890__cytop	0.0
728	R02988__cytop	0.0
729	R04956__mito	0.0
730	R07602__mito	0.0
731	R03658__cytop	0.0
732	R10035__extr	0.0
733	R01547__mito	0.0
734	RXN_12753__mito	0.0
735	T_Farnesyl_diphosphate_V1__ermem	0.0
736	EX_C00221__dra	0.0
737	R00430__mito	0.0
738	R01392__chlo	0.0
739	R01108__chlo	0.0
740	R07895__pero	0.0
741	R04738__pero	0.0
742	R03337__mito	0.0
743	T_L_Lysine_V1__mitmem	0.0
744	R03479__cytop	0.0
745	R05884__chlo	0.0
746	R04958__chlo	0.0
747	R04109__chlo	0.0
748	R01518__mito	0.0
749	R08190__cytop	0.0
750	R03596__chlo	0.0
751	TO1100105_PLAS__plas	0.0
752	R01325__mito	0.0
753	EX_C04233__dra	-0.0
754	R02240__e_r_	0.0
755	T_Ammonia_V5__nucmem	0.0
756	R10074__mito	0.0
757	R00483__cytop	0.0
758	R01361__pero	0.0
759	R07763__mito	0.0
760	R01890__nucl	0.0
761	TI3000049_E_R___ermem	0.0
762	R00999__mito	0.0
763	R07459__chlo	0.0
764	R08192__mito	0.0
765	R02473__mito	0.0
766	R04558__cytop	0.0
767	T_ACATN__ermem	0.0
768	R00245__cytop	0.0
769	R01011__cytop	0.0
770	R01333__cytop	0.0
771	R02088__cytop	0.0
772	R03457__cytop	0.0
773	R04953__chlo	0.0
774	R03401__pero	0.0
775	EX_C00062__dra	-0.0
776	PKS_C184__cytop	0.0
777	R05333__e_r_	0.0
778	EX_C00392__dra	-0.0
779	R01234__cytop	0.0
780	T_beta_Alanine__mitmem	0.0
781	R09418__e_r_	0.0
782	R11644__e_r_	0.0
783	R04867__cytop	0.0
784	R00026__chlo	0.0
785	R08162__chlo	0.0
786	TR2000102_PLAS__chlomem	0.0
787	R07108__mito	0.0
788	R01512__chlo	0.0
789	TR0003387_PLAS__plas	0.0
790	R02814__chlo	0.0
791	TR0000047_PLAS__chlomem	0.0
792	R07394__nucl	0.0
793	R02975__cytop	0.0
794	R12570__e_r_	0.0
795	R00217__cytop	0.0
796	T_Anthranilate__chlomem	0.0
797	R07939__e_r_	0.0
798	R00548__extr	0.0
799	R04944__cytop	0.0
800	R07603__mito	0.0
801	R07393__nucl	0.0
802	TI3000720_PLAS__plas	0.0
803	R06962__chlo	0.0
804	R12428__mito	0.0
805	R04966__cytop	0.0
806	R07893__mito	0.0
807	R00031__cytop	0.0
808	R03650__chlo	0.0
809	R02503__chlo	0.0
810	R02499__e_r_	0.0
811	R07604__mito	0.0
812	R00093__mito	0.0
813	PKS_C205__cytop	0.0
814	R10040__chlo	0.0
815	R03361__cytop	0.0
816	R08220__cytop	0.0
817	R07236__chlo	0.0
818	TO1100100_PLAS__plas	0.0
819	R01049__cytop	0.0
820	TR0000532_PLAS__plas	0.0
821	R05590__cytop	0.0
822	R04231__mito	0.0
823	R02722__chlo	0.0
824	TO1103193_PLAS__plas	0.0
825	R00418__cytop	0.0
826	R08163__chlo	0.0
827	R04208__cytop	0.0
828	R04780__cytop	0.0
829	R00562__pero	0.0
830	R08198__mito	0.0
831	TO1100314_PLAS__plas	0.0
832	R06963__chlo	0.0
833	R02497__e_r_	0.0
834	R02022__cytop	0.0
835	R03370__chlo	0.0
836	R02295__cytop	0.0
837	R06261__e_r_	0.0
838	TO1001605_PLAS__plas	0.0
839	R00647__cytop	0.0
840	R02610__e_r_	0.0
841	R01664__cytop	0.0
842	R05454__cytop	0.0
843	R03186__mito	0.0
844	R01186__golg	0.0
845	R07069__e_r_	0.0
846	R07674__chlo	0.0
847	R04673__chlo	0.0
848	R01920__cytop	0.0
849	R04014__chlo	0.0
850	R02057__e_r_	0.0
851	R00669__cytop	0.0
852	R01175__mito	0.0
853	R08551__e_r_	0.0
854	R02003__chlo	0.0
855	R01829__mito	0.0
856	TI3000295_ERMEM__ermem	0.0
857	R08161__chlo	0.0
858	R03469__nucl	0.0
859	EX_C00954__dra	-0.0
860	R02038__cytop	0.0
861	R00529__chlo	0.0
862	TO1000448_PLAS__plas	0.0
863	R00968__nucl	0.0
864	R07109__mito	0.0
865	R00402__cytop	0.0
866	R04952__chlo	0.0
867	R03077__cytop	0.0
868	R01206__cytop	0.0
869	R07024__cytop	0.0
870	R02016__cytop	0.0
871	R07002__cytop	0.0
872	R06260__e_r_	0.0
873	EX_C20835__dra	-0.0
874	R00590__chlo	0.0
875	R12168__e_r_	0.0
876	T_beta_D_Glucose__ermem	0.0
877	R00529__cytop	0.0
878	R01321__e_r_	0.0
879	R01430__pero	0.0
880	T_CO2_V2__mitmem	0.0
881	R03534__mito	0.0
882	R02102__cytop	0.0
883	RXN_12754__mito	0.0
884	R03005__cytop	0.0
885	R00974__cytop	0.0
886	T_CDP_ethanolamine__ermem	0.0
887	R09833__cytop	0.0
888	R04739__pero	0.0
889	EX_C18870__dra	-0.0
890	R03026__pero	0.0
891	R00650__cytop	0.0
892	R02739__cytop	0.0
893	R01836__cytop	0.0
894	R08232__cytop	0.0
895	R08093__pero	0.0
896	T_CIT__permem	0.0
897	R02683__chlo	0.0
898	TO1000107_PLAS__plas	0.0
899	EX_C01327__dra	-0.0
900	R00287__cytop	0.0
901	R01710__cytop	0.0
902	R02613__cytop	0.0
903	R10053__cytop	0.0
904	R06262__e_r_	0.0
905	R04968__chlo	0.0
906	R03660__mito	0.0
907	T_NADth__chlomem	0.0
908	R00945__mito	0.0
909	R07091__e_r_	0.0
910	R03293__cytop	0.0
911	TO0000182_PLAS__vacmem	0.0
912	TO0000082_PLAS__ermem	0.0
913	T_ASPSAth__chlomem	0.0
914	R02662__mito	0.0
915	TO0000080_PLAS__ermem	0.0
916	R01001__cytop	0.0
917	R05577__chlo	0.0
918	R00235__cytop	0.0
919	R04963__mito	0.0
920	EX_C00001__dra	-0.0
921	R00485__cytop	0.0
922	R01512__cytop	0.0
923	T_Hydrogen__plas	0.0
924	R01251__cytop	0.0
925	R00746__cytop	0.0
926	R03024__cytop	0.0
927	R01085__mito	0.0
928	R04469__chlo	0.0
929	R07024__e_r_	0.0
930	R07999__cytop	0.0
931	R09281__pero	0.0
932	R10707__chlo	0.0
933	EX_C07086__dra	-0.0
934	R09955__e_r_	0.0
935	EX_C00123__dra	-0.0
936	R12461__cytop	0.0
937	EX_C00099__dra	-0.0
938	T_ACCOAtm__mitmem	0.0
939	R07672__cytop	0.0
940	R10116__cytop	0.0
941	R06875__nucl	0.0
942	R01385__cytop	0.0
943	R04671__e_r_	0.0
944	R02472__mito	0.0
945	R10710__cytop	0.0
946	T_NADPH__ermem	0.0
947	R07316__mito	0.0
948	R11059__e_r_	0.0
949	EX_C18021__dra	-0.0
950	R00927__pero	0.0
951	R00214__mito	0.0
952	R11100__chlo	0.0
953	R02142__mito	0.0
954	R03348__cytop	0.0
955	R05636__chlo	0.0
956	R09845__e_r_	0.0
957	R09844__cytop	0.0
958	R00390__e_r_	0.0
959	R01195__chlo	0.0
960	T_Acetate__chlomem	0.0
961	EX_C00681__dra	0.0
962	R03778__pero	0.0
963	TR0000243_PLAS__chlomem	0.0
964	R03509__chlo	0.0
965	R07113__e_r_	0.0
966	R09138__cytop	0.0
967	R00589__cytop	0.0
968	R00369__pero	0.0
969	TO1001257_PLAS__plas	0.0
970	R09405__e_r_	0.0
971	R00578__cytop	0.0
972	T_CMP_V1__mitmem	0.0
973	R00851__chlo	0.0
974	R01061__cytop	0.0
975	R02527__pero	0.0
976	R01799__e_r_	0.0
977	TZ2900025_PLAS__plas	0.0
978	R06516__e_r_	0.0
979	R01334__chlo	0.0
980	R02100__chlo	0.0
981	R04957__cytop	0.0
982	T_5_Methylthioadenosine__mitmem	0.0
983	R12184__mito	0.0
984	R07492__e_r_	0.0
985	TO1000084_PLAS__plas	0.0
986	R03005__nucl	0.0
987	EX_C00561__dra	-0.0
988	R00900__cytop	0.0
989	R05286__mito	0.0
990	R04959__chlo	0.0
991	R00694__cytop	0.0
992	R00026__extr	0.0
993	R03260__cytop	0.0
994	R00183__cytop	0.0
995	T_CO2__plas	0.0
996	TR2000061_PLAS__chlomem	0.0
997	R00194__cytop	0.0
998	R01868__mito	0.0
999	R07046__chlo	0.0
1000	R02251__e_r_	0.0
1001	T_SLC25A17_V4__permem	0.0
1002	R09877__cytop	0.0
1003	R02777__cytop	0.0
1004	R08179__cytop	0.0
1005	R07054__e_r_	0.0
1006	R01699__mito	0.0
1007	R00221__mito	0.0
1008	R03013__cytop	0.0
1009	R09654__chlo	0.0
1010	R01334__pero	0.0
1011	R02247__cytop	0.0
1012	R06601__mito	0.0
1013	R02352__cytop	0.0
1014	TO0000184_PLAS__vacmem	0.0
1015	R02527__chlo	0.0
1016	R05718__cytop	0.0
1017	R07894__pero	0.0
1018	T__GlcNAc_2_Man_5_Asn_1_V1__plas	0.0
1019	R07933__e_r_	0.0
1020	R01714__chlo	0.0
1021	R00713__mito	0.0
1022	T_G00012_V1__golmem	0.0
1023	R06734__cytop	0.0
1024	R08235__cytop	0.0
1025	R01529__chlo	0.0
1026	R06284__chlo	0.0
1027	R00235__chlo	0.0
1028	R01187__cytop	0.0
1029	R03183__e_r_	0.0
1030	EX_C00033__dra	-0.0
1031	R04544__chlo	0.0
1032	PRISM_growth_room__extr	0.0
1033	TI3000031_PLAS__plas	0.0
1034	R02814__cytop	0.0
1035	R03276__mito	0.0
1036	R07675__cytop	0.0
1037	R02735__chlo	0.0
1038	R00842__chlo	0.0
1039	R12595__cytop	0.0
1040	EX_C00270__dra	-0.0
1041	R04867__nucl	0.0
1042	R02989__cytop	0.0
1043	EX_C00965__dra	-0.0
1044	R07916__chlo	0.0
1045	RXN_21830__e_r_	0.0
1046	R00551__mito	0.0
1047	R00226__chlo	0.0
1048	R10508__chlo	0.0
1049	R00497__chlo	0.0
1050	R01411__cytop	0.0
1051	R12205__e_r_	0.0
1052	T_Oxygen_V1__chlomem	0.0
1053	T_5_10_Methylenetetrahydrofolate__chlomem	0.0
1054	R02029__e_r_	0.0
1055	R03990__mito	0.0
1056	TI3000878_PLAS__plas	0.0
1057	R04537__chlo	0.0
1058	T_UDPGA__chlomem	0.0
1059	R00328__cytop	0.0
1060	RXN_14484__e_r_	0.0
1061	R04946__cytop	0.0
1062	e_FreeFattyAcid__cytop	0.0
1063	R00089__cytop	0.0
1064	R10119__chlo	0.0
1065	TO1000154_PLAS__plas	0.0
1066	ATPm__cytop	0.0
1067	T_3_Methyl_2_oxobutanoic_acid__chlomem	0.0
1068	R05756__cytop	0.0
1069	R07045__e_r_	0.0
1070	R02412__chlo	0.0
1071	R00045__cytop	0.0
1072	R02016__mito	0.0
1073	R01007__cytop	0.0
1074	R04748__mito	0.0
1075	R10116__mito	0.0
1076	R04859__cytop	0.0
1077	R08240__cytop	0.0
1078	TO0000249_PLAS__vacmem	0.0
1079	R00996__chlo	0.0
1080	R02405__mito	0.0
1081	R03269__mito	0.0
1082	EX_C00189__dra	-0.0
1083	R01025__mito	0.0
1084	R00895__mito	0.0
1085	R01137__chlo	0.0
1086	R01184__cytop	0.0
1087	T_Superoxide__mitmem	0.0
1088	R08279__cytop	0.0
1089	R00465__pero	0.0
1090	R01373__chlo	0.0
1091	R04741__pero	0.0
1092	T_Ammonia_V1__chlomem	0.0
1093	R03283__chlo	0.0
1094	R04954__cytop	0.0
1095	EX_C07447__dra	-0.0
1096	R06282__chlo	0.0
1097	R09823__mito	0.0
1098	R10548__cytop	0.0
1099	ATP_Synthase__mitmem	0.0
1100	TI3000297_PLAS__plas	0.0
1101	R07093__cytop	0.0
1102	R01830__cytop	0.0
1103	R08980__e_r_	0.0
1104	R00704__pero	0.0
1105	TE_2__cytop	0.0
1106	R00156__cytop	0.0
1107	R00802__cytop	0.0
1108	DM_photon298__cytop	-0.0
1109	R01602__cytop	0.0
1110	R09281__chlo	0.0
1111	R00575__cytop	0.0
1112	R08381__cytop	0.0
1113	R04163__e_r_	0.0
1114	R01926__cytop	0.0
1115	R07460__chlo	0.0
1116	R08093__chlo	0.0
1117	R08601__cytop	0.0
1118	TO0000277_PLAS__vacmem	0.0
1119	R07052__e_r_	0.0
1120	R03956__cytop	0.0
1121	R06986__golg	0.0
1122	EX_C18060__dra	0.0
1123	R01416__mito	0.0
1124	R01026__extr	0.0
1125	R07505__e_r_	0.0
1126	R03662__cytop	0.0
1127	R01183__mito	0.0
1128	R07050__chlo	0.0
1129	EX_C00263__dra	0.0
1130	R00959__chlo	0.0
1131	R01728__cytop	0.0
1132	R00734__chlo	0.0
1133	R04241__mito	0.0
1134	R03869__chlo	0.0
1135	R00009__pero	0.0
1136	R09977__chlo	0.0
1137	R03459__chlo	0.0
1138	TO1000128_PLAS__plas	0.0
1139	R09407__e_r_	0.0
1140	R01769__cytop	0.0
1141	R07034__cytop	0.0
1142	TO1100724_PLAS__plas	0.0
1143	T_Octadecenoic_acid__chlomem	0.0
1144	R10492__chlo	0.0
1145	R01496__e_r_	0.0
1146	R00586__cytop	0.0
1147	R07003__cytop	0.0
1148	R01352__cytop	0.0
1149	EX_C18796__dra	-0.0
1150	TO0000311_PLAS__vacmem	0.0
1151	R10056__cytop	0.0
1152	R04065__cytop	0.0
1153	R04743__pero	0.0
1154	R06893__mito	0.0
1155	T_all_trans_Nonaprenyl_diphosphate_V1__mitmem	0.0
1156	R05861__cytop	0.0
1157	R05981__e_r_	0.0
1158	R02549__cytop	0.0
1159	R07064__cytop	0.0
1160	R10709__chlo	0.0
1161	Cytochrome_C_Reductase__mitmem	0.0
1162	R04326__cytop	0.0
1163	R00589__mito	0.0
1164	R09450__mito	0.0
1165	R05071__cytop	0.0
1166	R04740__mito	0.0
1167	TI2903793_PLAS__mitmem	0.0
1168	R03037__mito	0.0
1169	T_Methanol_V1__permem	0.0
1170	R04405__cytop	0.0
1171	R02023__cytop	0.0
1172	R04330__mito	0.0
1173	R08766__mito	0.0
1174	TO1100366_PLAS__plas	0.0
1175	R02317__cytop	0.0
1176	R01993__cytop	0.0
1177	R02065__chlo	0.0
1178	R08090__mito	0.0
1179	TO1100306_PLAS__plas	0.0
1180	R02687__cytop	0.0
1181	R01015__cytop	0.0
1182	R01055__mito	0.0
1183	R00112__cytop	0.0
1184	R10039__chlo	0.0
1185	R00189__cytop	0.0
1186	R00190__mito	0.0
1187	R02654__e_r_	0.0
1188	R02846__pero	0.0
1189	EX_C16834__dra	-0.0
1190	R07618__chlo	0.0
1191	EX_C06697__dra	-0.0
1192	R08392__e_r_	0.0
1193	R04725__cytop	0.0
1194	R07022__e_r_	0.0
1195	R07023__cytop	0.0
1196	R01229__mito	0.0
1197	R03697__e_r_	0.0
1198	R01301__mito	0.0
1199	R04998__cytop	0.0
1200	R06896__chlo	0.0
1201	R01249__cytop	0.0
1202	R04509__chlo	0.0
1203	R08280__chlo	0.0
1204	R03084__chlo	0.0
1205	R08390__chlo	0.0
1206	R03956__chlo	0.0
1207	R01004__cytop	0.0
1208	R11893__cytop	0.0
1209	R02282__chlo	0.0
1210	R01837__e_r_	0.0
1211	R01795__cytop	0.0
1212	R07945__e_r_	0.0
1213	R00238__mito	0.0
1214	R03038__chlo	0.0
1215	R03103__cytop	0.0
1216	R01132__mito	0.0
1217	R00922__mito	0.0
1218	R05064__pero	0.0
1219	R01288__cytop	0.0
1220	R09450_V1__mito	0.0
1221	R00238__cytop	0.0
1222	R00533__mito	0.0
1223	R02747__cytop	0.0
1224	R01186__chlo	0.0
1225	T_SLC25A17_V1__permem	0.0
1226	TI3000278_PLAS__ermem	0.0
1227	R04724__chlo	0.0
1228	R02216__e_r_	0.0
1229	R09087__nucl	0.0
1230	R04960__chlo	0.0
1231	EX_C05838__dra	-0.0
1232	R01676__cytop	0.0
1233	T_Isopentenyl_diphosphate__ermem	0.0
1234	R06258__e_r_	0.0
1235	R01708__cytop	0.0
1236	R00261__cytop	0.0
1237	R03363__nucl	0.0
1238	R09030__chlo	0.0
1239	RXN_12867__cytop	0.0
1240	R05595__chlo	0.0
1241	R05066__pero	0.0
1242	R03758__cytop	0.0
1243	R00497__pero	0.0
1244	R01310__cytop	0.0
1245	R00256__chlo	0.0
1246	R03665__cytop	0.0
1247	R06868__cytop	0.0
1248	R08175__pero	0.0
1249	R04725__mito	0.0
1250	R03991__pero	0.0
1251	R07507__e_r_	0.0
1252	T_Glycolate_V1__mitmem	0.0
1253	R03158__cytop	0.0
1254	R02098__cytop	0.0
1255	R03194__chlo	0.0
1256	T_3_Fumarylpyruvate__mitmem	0.0
1257	R03654__cytop	0.0
1258	R05334__cytop	0.0
1259	R04420__cytop	0.0
1260	T_L_Alanine__chlomem	0.0
1261	R04568__cytop	0.0
1262	R07559__chlo	0.0
1263	R04944__mito	0.0
1264	TO0000063_PLAS__plas	0.0
1265	T__S__Dihydroorotate__mitmem	0.0
1266	R00694__chlo	0.0
1267	TO3000675_PLAS__plas	0.0
1268	R04998__chlo	0.0
1269	R00586__chlo	0.0
1270	R06917__cytop	0.0
1271	R07276__mito	0.0
1272	R11232__cytop	0.0
1273	R01583__cytop	0.0
1274	T_Phosphatidylcholine__golmem	0.0
1275	R08738__cytop	0.0
1276	R01836__mito	0.0
1277	R00702__chlo	0.0
1278	T_CoA_ATP__mitmem	0.0
1279	R05802__cytop	0.0
1280	R04241__nucl	0.0
1281	R09409__chlo	0.0
1282	R02904__cytop	0.0
1283	R00200__mito	0.0
1284	R02147__cytop	0.0
1285	T_3_Isopropylmalate__chlomem	0.0
1286	RXN_19211_V1__chlo	0.0
1287	EX_C04015__dra	-0.0
1288	R03920__chlo	0.0
1289	R02433__mito	0.0
1290	R00511__cytop	0.0
1291	EX_C00047__dra	-0.0
1292	R09251__chlo	0.0
1293	R00087__chlo	0.0
1294	TO1125981_PLAS__plas	0.0
1295	R00004__cytop	0.0
1296	R00640__mito	0.0
1297	R08183__cytop	0.0
1298	R10046__cytop	0.0
1299	R04441__mito	0.0
1300	R09367__cytop	0.0
1301	R07116__cytop	0.0
1302	R04746__mito	0.0
1303	PKS_C101__cytop	0.0
1304	R01801__chlo	0.0
1305	R00160__mito	0.0
1306	R07069__chlo	0.0
1307	R03223__chlo	0.0
1308	R03600__cytop	0.0
1309	R01931__cytop	0.0
1310	R01214__mito	0.0
1311	R01560__cytop	0.0
1312	R00014__cytop	0.0
1313	R00794__cytop	0.0
1314	R00308__cytop	0.0
1315	R05237__chlo	0.0
1316	R03815__chlo	0.0
1317	TR0000043_PLAS__golmem	0.0
1318	R09725__mito	0.0
1319	R01471__chlo	0.0
1320	R00308__extr	0.0
1321	R04544__cytop	0.0
1322	R07504__chlo	0.0
1323	EX_C00013__dra	0.0
1324	R10557__chlo	0.0
1325	R10118__mito	0.0
1326	R00253__cytop	0.0
1327	R08251__extr	0.0
1328	R02540__cytop	0.0
1329	R04800__chlo	0.0
1330	R00967__cytop	0.0
1331	RXN_10662__cytop	0.0
1332	R02018__cytop	0.0
1333	R02051__cytop	0.0
1334	R03172__mito	0.0
1335	R09542_V1__chlo	0.0
1336	R02740__chlo	0.0
1337	PRISM_fluorescent_warm_18W__extr	0.0
1338	R05803__nucl	0.0
1339	R07080__e_r_	0.0
1340	EX_C00282__dra	-0.0
1341	TO1000082_PLAS__plas	0.0
1342	R01813__cytop	0.0
1343	R01163__chlo	0.0
1344	R07168__cytop	0.0
1345	R07487__e_r_	0.0
1346	R06171__mito	0.0
1347	R08964__cytop	0.0
1348	R01321__golg	0.0
1349	R08678__cytop	0.0
1350	R01280__pero	0.0
1351	R08392__chlo	0.0
1352	R06927__cytop	0.0
1353	R01579__cytop	0.0
1354	R07022__chlo	0.0
1355	R02241__chlo	0.0
1356	R02383__cytop	0.0
1357	R05976__e_r_	0.0
1358	R07056__e_r_	0.0
1359	TR2000103_PLAS__chlomem	0.0
1360	R04030__pero	0.0
1361	R01895__cytop	0.0
1362	R01658__mito	0.0
1363	R06875__cytop	0.0
1364	R07459__cytop	0.0
1365	R00410__mito	0.0
1366	R00926__cytop	0.0
1367	R01829__cytop	0.0
1368	R10659__chlo	0.0
1369	R04621__cytop	0.0
1370	R07641__cytop	0.0
1371	EX_C00185__dra	-0.0
1372	R00516__nucl	0.0
1373	TO1000065_PLAS__plas	0.0
1374	R03845_V1__chlo	0.0
1375	R00769__cytop	0.0
1376	EX_C00152__dra	-0.0
1377	R00961__golg	0.0
1378	R04964__cytop	0.0
1379	R02092__cytop	0.0
1380	R10991__chlo	0.0
1381	R02085__mito	0.0
1382	R02102__e_r_	0.0
1383	R04834__e_r_	0.0
1384	R08689__chlo	0.0
1385	R01736__cytop	0.0
1386	R07001__chlo	0.0
1387	TO3000355_E_R___ermem	0.0
1388	R06265__chlo	0.0
1389	EX_C00079__dra	0.0
1390	R04961__mito	0.0
1391	R02372__nucl	0.0
1392	TI2000703_PLAS__plas	0.0
1393	RXN_16380__cytop	0.0
1394	R04470__chlo	0.0
1395	R04967__cytop	0.0
1396	R00985__chlo	0.0
1397	R01061__chlo	0.0
1398	R00330__cytop	0.0
1399	R11765__cytop	0.0
1400	R02093__chlo	0.0
1401	R04218__chlo	0.0
1402	T_H2O_V6__nucmem	0.0
1403	R00918__cytop	0.0
1404	TR2000128_PLAS__mitmem	0.0
1405	R05455__cytop	0.0
1406	R00570__mito	0.0
1407	R12570__chlo	0.0
1408	R05918__e_r_	0.0
1409	R09381__chlo	0.0
1410	R03662__mito	0.0
1411	T_L_Tryptophan__chlomem	0.0
1412	R01251__mito	0.0
1413	R10282__chlo	0.0
1414	R10281__mito	0.0
1415	R04328__e_r_	0.0
1416	R07026__chlo	0.0
1417	R07099__chlo	0.0
1418	R04966__chlo	0.0
1419	R02800__mito	0.0
1420	R02700__cytop	0.0
1421	R10996__mito	0.0
1422	T_L_Methionine__chlomem	0.0
1423	R01241__cytop	0.0
1424	R02144__cytop	0.0
1425	R08294__e_r_	0.0
1426	R08557__cytop	0.0
1427	R03950__chlo	0.0
1428	EX_C00177__dra	-0.0
1429	R00181__cytop	0.0
1430	R11323__chlo	0.0
1431	R00943__mito	0.0
1432	R03663__chlo	0.0
1433	R00512__mito	0.0
1434	R04534__mito	0.0
1435	EX_C00491__dra	-0.0
1436	R03004__chlo	0.0
1437	R08186__cytop	0.0
1438	R09542__chlo	0.0
1439	R02355__e_r_	0.0
1440	R11043__chlo	0.0
1441	R03824__chlo	0.0
1442	T_Ammonia__plas	0.0
1443	EX_C00111__dra	0.0
1444	R00514__golg	0.0
1445	R08312__e_r_	0.0
1446	R08287__e_r_	0.0
1447	R00531__cytop	0.0
1448	T_H2O_V3__ermem	0.0
1449	R02237__nucl	0.0
1450	R09601__chlo	0.0
1451	R08091__pero	0.0
1452	R04440__chlo	0.0
1453	R00502__chlo	0.0
1454	R05238__mito	0.0
1455	R05202__nucl	0.0
1456	R12067__mito	0.0
1457	R06941__mito	0.0
1458	R02957__mito	0.0
1459	R00790__chlo	0.0
1460	R07762__cytop	0.0
1461	R04095__mito	0.0
1462	R01090__mito	0.0
1463	R03231__mito	0.0
1464	R06064__cytop	0.0
1465	R04429__cytop	0.0
1466	R02095__cytop	0.0
1467	R01857__cytop	0.0
1468	R08237__mito	0.0
1469	TI3000014_E_R___ermem	0.0
1470	TO1119001_PLAS__plas	0.0
1471	R08359__cytop	0.0
1472	R04998__extr	0.0
1473	R07043__e_r_	0.0
1474	TO3001047_PLAS__plas	0.0
1475	R08637__cytop	0.0
1476	R04014__cytop	0.0
1477	R07429__e_r_	0.0
1478	R05233__cytop	0.0
1479	R07050__e_r_	0.0
1480	R08178__mito	0.0
1481	EX_C00184__dra	-0.0
1482	EX_C01081__dra	0.0
1483	DM_photon680__chlo	-0.0
1484	R09827__nucl	0.0
1485	R03105__mito	0.0
1486	R09543__mito	0.0
1487	R02301__mito	0.0
1488	R00138__cytop	0.0
1489	TI3000047_PLAS__plas	0.0
1490	R01880__nucl	0.0
1491	R00269__cytop	0.0
1492	R05048__cytop	0.0
1493	TR2000109_PLAS__mitmem	0.0
1494	T_Superoxide_V1__permem	0.0
1495	R04970__mito	0.0
1496	TO1000035_PLAS__plas	0.0
1497	R02521__chlo	0.0
1498	EX_C00086__dra	-0.0
1499	R09409__cytop	0.0
1500	TO3000363_E_R___ermem	0.0
1501	T_CoA_AMP__mitmem	0.0
1502	R01975__mito	0.0
1503	T_PNC__permem	0.0
1504	R00722__mito	0.0
1505	R04535__chlo	0.0
1506	R01771__cytop	0.0
1507	R00704__cytop	0.0
1508	R11060__e_r_	0.0
1509	TI3000141_PLAS__mitmem	0.0
1510	R04242__extr	0.0
1511	R05595__pero	0.0
1512	R01329__cytop	0.0
1513	EX_C00242__dra	-0.0
1514	R07981__cytop	0.0
1515	R09823__cytop	0.0
1516	R03657__cytop	0.0
1517	R08095__pero	0.0
1518	R03363__cytop	0.0
1519	R10121__mito	0.0
1520	R07761__e_r_	0.0
1521	RXN_14486__e_r_	0.0
1522	R02466__cytop	0.0
1523	R07483__e_r_	0.0
1524	T_Oxygen_V3__ermem	0.0
1525	R08181__mito	0.0
1526	R08176__mito	0.0
1527	R01213__chlo	0.0
1528	RXN_12971__e_r_	0.0
1529	DEDOLP1__e_r_	0.0
1530	R00748__cytop	0.0
1531	R02619__mito	0.0
1532	R02422__cytop	0.0
1533	R07093__chlo	0.0
1534	R00160__cytop	0.0
1535	R00004__mito	0.0
1536	TO1000132_PLAS__plas	0.0
1537	R10120__cytop	0.0
1538	R09431__cytop	0.0
1539	R01220__cytop	0.0
1540	R01625__chlo	0.0
1541	R12702__e_r_	0.0
1542	R02237__mito	0.0
1543	R02092__golg	0.0
1544	T_L_Isoleucine__chlomem	0.0
1545	R04844__mito	0.0
1546	R00571__chlo	0.0
1547	EX_C00061__dra	0.0
1548	R02237__cytop	0.0
1549	TO1000041_PLAS__plas	0.0
1550	R04533__chlo	0.0
1551	TO1000186_PLAS__plas	0.0
1552	R12571__mito	0.0
1553	R07979__cytop	0.0
1554	TO0003279_PLAS__vacmem	0.0
1555	R02491__cytop	0.0
1556	R00724__mito	0.0
1557	R01978__cytop	0.0
1558	T_L_Galactono_1_4_Lactone__mitmem	0.0
1559	TO1000156_PLAS__plas	0.0
1560	R03997__cytop	0.0
1561	R08238__cytop	0.0
1562	T_Octadecanoic_acid_V1__ermem	0.0
1563	R00139__chlo	0.0
1564	R00939__cytop	0.0
1565	TO0000971_PLAS__plas	0.0
1566	T_Orthophosphate_V1__golmem	0.0
1567	T_UDPGLCter__ermem	0.0
1568	R08251__e_r_	0.0
1569	R07273__cytop	0.0
1570	R01253__mito	0.0
1571	T_H2O_V7__vacmem	0.0
1572	R00008__mito	0.0
1573	R07280__chlo	0.0
1574	R00122__cytop	0.0
1575	R00667__mito	0.0
1576	R09372__cytop	0.0
1577	R00549__chlo	0.0
1578	R00104__cytop	0.0
1579	R10122__chlo	0.0
1580	R04961__cytop	0.0
1581	R00268__mito	0.0
1582	R00100__mito	0.0
1583	RXN_16095__e_r_	0.0
1584	R10998__mito	0.0
1585	R01158__chlo	0.0
1586	R07026__cytop	0.0
1587	R00590__cytop	0.0
1588	R03180__cytop	0.0
1589	R03090__e_r_	0.0
1590	R10712__chlo	0.0
1591	T_2_Oxobutanoate__mitmem	0.0
1592	R00509__cytop	0.0
1593	R11098__cytop	0.0
1594	R00235__pero	0.0
1595	R08771__mito	0.0
1596	R04936__cytop	0.0
1597	R07394__cytop	0.0
1598	R04903__mito	0.0
1599	R10120__chlo	0.0
1600	R03858__pero	0.0
1601	R05305__pero	0.0
1602	R02020__cytop	0.0
1603	T_AHCYS__ermem	0.0
1604	R00602__pero	0.0
1605	R10247__cytop	0.0
1606	RXN_16097__e_r_	0.0
1607	R04439__chlo	0.0
1608	R01548__cytop	0.0
1609	R03600__mito	0.0
1610	R12371__cytop	0.0
1611	R06946__chlo	0.0
1612	R03601__pero	0.0
1613	R03217__cytop	0.0
1614	R10280__chlo	0.0
1615	R08176__cytop	0.0
1616	R07121__cytop	0.0
1617	R04779__cytop	0.0
1618	R00026__e_r_	0.0
1619	EX_C00208__dra	0.0
1620	R00026__vacu	0.0
1621	R10247__chlo	0.0
1622	R01451__e_r_	0.0
1623	R03631__cytop	0.0
1624	R10463__mito	0.0
1625	R12621__cytop	0.0
1626	R00722__cytop	0.0
1627	R00130__mito	0.0
1628	R05038__cytop	0.0
1629	R08704__cytop	0.0
1630	T_Myo_Inositol__ermem	0.0
1631	R05739__mito	0.0
1632	EX_C00255__dra	-0.0
1633	R00573__chlo	0.0
1634	TO1100138_PLAS__plas	0.0
1635	R08945__e_r_	0.0
1636	R07456__cytop	0.0
1637	R09504__mito	0.0
1638	R06521__e_r_	0.0
1639	R07084__e_r_	0.0
1640	EX_C00575__dra	-0.0
1641	R00243__cytop	0.0
1642	EX_C00059__dra	0.0
1643	R00859__chlo	0.0
1644	R02503__e_r_	0.0
1645	R08789__cytop	0.0
1646	R02556__cytop	0.0
1647	R00351__mito	0.0
1648	R06525__e_r_	0.0
1649	R06154__cytop	0.0
1650	TO1000550_PLAS__plas	0.0
1651	R05775__chlo	0.0
1652	R01468__cytop	0.0
1653	R09244__e_r_	0.0
1654	R05066__cytop	0.0
1655	R09514__cytop	0.0
1656	R04506__cytop	0.0
1657	R01900__mito	0.0
1658	R08539__e_r_	0.0
1659	R03672__cytop	0.0
1660	R08146__mito	0.0
1661	T_Ethanolamine_phosphate__ermem	0.0
1662	T_Hexadecenoic_acid__chlomem	0.0
1663	R08921__mito	0.0
1664	R07599__mito	0.0
1665	R01063__chlo	0.0
1666	T_Phosphatidate_V1__ermem	0.0
1667	R05052__mito	0.0
1668	R03857__mito	0.0
1669	R00086__cytop	0.0
1670	R00572__mito	0.0
1671	R00256__cytop	0.0
1672	R00086__golg	0.0
1673	R08186__pero	0.0
1674	R04534__cytop	0.0
1675	R11762__cytop	0.0
1676	EX_C11173__dra	0.0
1677	EX_C00379__dra	-0.0
1678	R08599__golg	0.0
1679	R09418__chlo	0.0
1680	R00103__chlo	0.0
1681	R00078__chlo	0.0
1682	R04027__cytop	0.0
1683	T_R_Allantoin__mitmem	0.0
1684	EX_C00288__dra	-0.0
1685	R02331__mito	0.0
1686	TO1115390_PLAS__plas	0.0
1687	R04756__pero	0.0
1688	TI3000243_PLAS__plas	0.0
1689	R04780__chlo	0.0
1690	EX_C08325__dra	-0.0
1691	R08551__chlo	0.0
1692	R03077__chlo	0.0
1693	R05421__cytop	0.0
1694	TO1100179_PLAS__plas	0.0
1695	R09416__chlo	0.0
1696	DM_photon437__chlo	-0.0
1697	R04148__cytop	0.0
1698	R00670__cytop	0.0
1699	T_L_Isoleucine_V2__vacmem	0.0
1700	R05050__mito	0.0
1701	R04786__chlo	0.0
1702	R07939__chlo	0.0
1703	R11892__mito	0.0
1704	R04426__cytop	0.0
1705	R01286__chlo	0.0
1706	T_SLC25A17_V2__permem	0.0
1707	R00355__mito	0.0
1708	R01842__chlo	0.0
1709	R01780__mito	0.0
1710	R00964__cytop	0.0
1711	R09434__cytop	0.0
1712	EX_C00366__dra	-0.0
1713	R00829__pero	0.0
1714	R07765__cytop	0.0
1715	R04065__mito	0.0
1716	TZ2900022_PLAS__chlomem	0.0
1717	R03595__cytop	0.0
1718	R07840__chlo	0.0
1719	R08182__pero	0.0
1720	R01130__cytop	0.0
1721	R01457__e_r_	0.0
1722	R00707__cytop	0.0
1723	R00686__cytop	0.0
1724	TO3000358_E_R___ermem	0.0
1725	R04754__pero	0.0
1726	TR2000130_PLAS__ermem	0.0
1727	R08648__chlo	0.0
1728	R08281__cytop	0.0
1729	RXN_16656__cytop	0.0
1730	R10092__mito	0.0
1731	R00429__cytop	0.0
1732	R06412__mito	0.0
1733	R04404__nucl	0.0
1734	R06983__cytop	0.0
1735	T_Propanoyl_CoA__chlomem	0.0
1736	R04884__cytop	0.0
1737	TI3000688_PLAS__mitmem	0.0
1738	R00357__mito	0.0
1739	R00480__chlo	0.0
1740	TO1000190_PLAS__plas	0.0
1741	R03417__cytop	0.0
1742	R04037__cytop	0.0
1743	R03321__cytop	0.0
1744	R04866__nucl	0.0
1745	e_DNA__cytop	0.0
1746	R07890__mito	0.0
1747	R08657__mito	0.0
1748	T_Chorismate__chlomem	0.0
1749	TO1022637_PLAS__plas	0.0
1750	R04952__cytop	0.0
1751	R04507__cytop	0.0
1752	R00158__cytop	0.0
1753	R00746__e_r_	0.0
1754	R00122__golg	0.0
1755	R07003__chlo	0.0
1756	T_Cholesterol__ermem	0.0
1757	R08678__chlo	0.0
1758	R00112__mito	0.0
1759	R04566__chlo	0.0
1760	R04097__mito	0.0
1761	R07091__chlo	0.0
1762	R02327__cytop	0.0
1763	R03634__cytop	0.0
1764	R02480__mito	0.0
1765	EX_C00147__dra	-0.0
1766	R08361__cytop	0.0
1767	R01682__cytop	0.0
1768	R02739__chlo	0.0
1769	R01715__chlo	0.0
1770	R11895__chlo	0.0
1771	R00674__chlo	0.0
1772	R09223__cytop	0.0
1773	R03352__mito	0.0
1774	T_Icosenoyl_CoA__ermem	0.0
1775	EX_C02986__dra	-0.0
1776	R02091__nucl	0.0
1777	R00851__e_r_	0.0
1778	R01009__cytop	0.0
1779	TO1100259_PLAS__plas	0.0
1780	R02029__chlo	0.0
1781	R07211__cytop	0.0
1782	R02003__mito	0.0
1783	R00390__chlo	0.0
1784	R02014__cytop	0.0
1785	R07447__e_r_	0.0
1786	R12403__e_r_	0.0
1787	R11063__cytop	0.0
1788	R05355__cytop	0.0
1789	R04955__chlo	0.0
1790	R12170__e_r_	0.0
1791	R02566__cytop	0.0
1792	TI3000694_PLAS__plas	0.0
1793	EX_C00244__dra	0.0
1794	R01013__e_r_	0.0
1795	R01736__mito	0.0
1796	R00243__chlo	0.0
1797	R08255__e_r_	0.0
1798	R01288__mito	0.0
1799	R01810__extr	0.0
1800	R12612__cytop	0.0
1801	R05556__e_r_	0.0
1802	T_Hydrogen_Peroxide__plas	0.0
1803	R01187__mito	0.0
1804	R02353__e_r_	0.0
1805	R05803__cytop	0.0
1806	R10115__chlo	0.0
1807	R01752__chlo	0.0
1808	R07764__chlo	0.0
1809	R03293__mito	0.0
1810	DM_photon673__chlo	-0.0
1811	R11312__chlo	0.0
1812	R01481__e_r_	0.0
1813	R11527__extr	0.0
1814	R05725__e_r_	0.0
1815	R02291__cytop	0.0
1816	R06520__chlo	0.0
1817	R09726__cytop	0.0
1818	R03656__cytop	0.0
1819	R07113__chlo	0.0
1820	R07898__pero	0.0
1821	R00570__cytop	0.0
1822	EX_C00025__dra	-0.0
1823	R03601__chlo	0.0
1824	R00408__chlo	0.0
1825	R01600__cytop	0.0
1826	R04325__mito	0.0
1827	R03330__e_r_	0.0
1828	R01626__mito	0.0
1829	R11061__pero	0.0
1830	R11231__cytop	0.0
1831	R08767__mito	0.0
1832	R00878__cytop	0.0
1833	R07895__mito	0.0
1834	R07859__cytop	0.0
1835	R02846__cytop	0.0
1836	R07054__chlo	0.0
1837	TO3000349_MITO__mitmem	0.0
1838	R04355__chlo	0.0
1839	EX_C02426__dra	-0.0
1840	R04724__cytop	0.0
1841	R02549__mito	0.0
1842	T__GlcNAc_2_Man_9_Asn_1__golmem	0.0
1843	R03936__cytop	0.0
1844	R01968__cytop	0.0
1845	EX_C00535__dra	-0.0
1846	R09540__chlo	0.0
1847	R00129__chlo	0.0
1848	TO0000254_PLAS__plas	0.0
1849	R11308__chlo	0.0
1850	R01058__cytop	0.0
1851	R03601__cytop	0.0
1852	R03174__mito	0.0
1853	R01663__nucl	0.0
1854	R07893__pero	0.0
1855	R04756__mito	0.0
1856	R02581__mito	0.0
1857	R03775__e_r_	0.0
1858	R04861__mito	0.0
1859	R02088__e_r_	0.0
1860	EX_C00262__dra	-0.0
1861	e_Pigment__chlo	0.0
1862	R01799__chlo	0.0
1863	TO1101605_PLAS__plas	0.0
1864	TZ3100002_PLAS__plas	0.0
1865	R02590__nucl	0.0
1866	R01706__chlo	0.0
1867	R02047__cytop	0.0
1868	R06947__chlo	0.0
1869	R04292__cytop	0.0
1870	R07942__cytop	0.0
1871	R01209__mito	0.0
1872	R07002__e_r_	0.0
1873	R11553__nucl	0.0
1874	R00889__cytop	0.0
1875	R04444__cytop	0.0
1876	R01655__cytop	0.0
1877	EX_C20836__dra	-0.0
1878	R08551__cytop	0.0
1879	R07010__cytop	0.0
1880	TO1100020_PLAS__chlomem	0.0
1881	TR0000150_PLAS__plas	0.0
1882	R02058__cytop	0.0
1883	R09503__chlo	0.0
1884	RXN_12753__chlo	0.0
1885	TR2000163_PLAS__golmem	0.0
1886	R00894__chlo	0.0
1887	R01664__e_r_	0.0
1888	R03238__cytop	0.0
1889	TZ3100029_PLAS__plas	0.0
1890	R01432__cytop	0.0
1891	R03877__chlo	0.0
1892	R04773__cytop	0.0
1893	TO0000577_PLAS__plas	0.0
1894	R11101__chlo	0.0
1895	R02678__cytop	0.0
1896	R00782__cytop	0.0
1897	R12477__golg	0.0
1898	R00372__pero	0.0
1899	TO3001162_PLAS__plas	0.0
1900	R08343__chlo	0.0
1901	TR2000175_PLAS__golmem	0.0
1902	R12183__mito	0.0
1903	R08964__nucl	0.0
1904	R07045__chlo	0.0
1905	R07092__cytop	0.0
1906	R04903__cytop	0.0
1907	R02750__cytop	0.0
1908	R10563__e_r_	0.0
1909	T_L_Leucine_V1__vacmem	0.0
1910	R08300__e_r_	0.0
1911	R02688__e_r_	0.0
1912	R01951__cytop	0.0
1913	PKS_C122__cytop	0.0
1914	R00662__mito	0.0
1915	R00724__chlo	0.0
1916	R05086__cytop	0.0
1917	T_CO2_V3__ermem	0.0
1918	R00416__cytop	0.0
1919	EX_C00704__dra	-0.0
1920	T_Hexadecanoic_acid__chlomem	0.0
1921	R02984__cytop	0.0
1922	R09562__e_r_	0.0
1923	R05053__cytop	0.0
1924	R02297__cytop	0.0
1925	R11104__nucl	0.0
1926	R04859__chlo	0.0
1927	R04430__mito	0.0
1928	R06605__mito	0.0
1929	R04427__e_r_	0.0
1930	R04749__chlo	0.0
1931	R07409__mito	0.0
1932	R01372__chlo	0.0
1933	R10951__nucl	0.0
1934	R01381__chlo	0.0
1935	R03724__e_r_	0.0
1936	R02096__cytop	0.0
1937	R00014__chlo	0.0
1938	R09655__chlo	0.0
1939	R04100__mito	0.0
1940	R07763__cytop	0.0
1941	R03428__cytop	0.0
1942	R11104__cytop	0.0
1943	R02354__chlo	0.0
1944	R07087__chlo	0.0
1945	R07484__e_r_	0.0
1946	R11895__cytop	0.0
1947	R04751__mito	0.0
1948	TO1100588_PLAS__plas	0.0
1949	R04941__cytop	0.0
1950	R06942__chlo	0.0
1951	R08289__cytop	0.0
1952	PRISM_white_LED__extr	0.0
1953	TZ2900062_PLAS__plas	0.0
1954	R04963__cytop	0.0
1955	R01286__cytop	0.0
1956	R08293__chlo	0.0
1957	R12172_V1__e_r_	0.0
1958	R10242__e_r_	0.0
1959	R00658__mito	0.0
1960	R03524__pero	0.0
1961	R02940__cytop	0.0
1962	R00961__cytop	0.0
1963	R01176__pero	0.0
1964	R04930__cytop	0.0
1965	R01819__cytop	0.0
1966	R04967__mito	0.0
1967	R01416__cytop	0.0
1968	R02413__chlo	0.0
1969	R07044__e_r_	0.0
1970	R00527__cytop	0.0
1971	R00531__chlo	0.0
1972	R00161__chlo	0.0
1973	R03868__cytop	0.0
1974	R00236__mito	0.0
1975	DM_photon490__chlo	-0.0
1976	R08717__vacu	0.0
1977	R04428__chlo	0.0
1978	R04969__chlo	0.0
1979	R10040__cytop	0.0
1980	R07889__pero	0.0
1981	R08245__cytop	0.0
1982	R00405__mito	0.0
1983	R02792__mito	0.0
1984	R06848__cytop	0.0
1985	R02332__cytop	0.0
1986	R01274__mito	0.0
1987	R04506__chlo	0.0
1988	R01384__mito	0.0
1989	EX_C16635__dra	-0.0
1990	R00209__mito	0.0
1991	R04962__mito	0.0
1992	R10178__mito	0.0
1993	R00515__mito	0.0
1994	R01051__cytop	0.0
1995	R09407__chlo	0.0
1996	TR2000131_PLAS__mitmem	0.0
1997	R00946__cytop	0.0
1998	EX_C00011__dra	-0.0
1999	R07759__e_r_	0.0
2000	R02090__cytop	0.0
2001	R03361__nucl	0.0
2002	R01158__cytop	0.0
2003	R09421__chlo	0.0
2004	R00274__cytop	0.0
2005	R00004__extr	0.0
2006	R03018__mito	0.0
2007	T_HCO3__mitmem	0.0
2008	R10783__cytop	0.0
2009	TO1000709_PLAS__plas	0.0
2010	R00316__chlo	0.0
2011	R07856__chlo	0.0
2012	R01528__chlo	0.0
2013	R07025__e_r_	0.0
2014	R01185__chlo	0.0
2015	R03270__mito	0.0
2016	EX_C00962__dra	-0.0
2017	R07070__cytop	0.0
2018	T_L_Asparagine__vacmem	0.0
2019	R00155__golg	0.0
2020	R00472__chlo	0.0
2021	R09107__cytop	0.0
2022	R10928__nucl	0.0
2023	R00081__mito	0.0
2024	R02872__chlo	0.0
2025	R02239__e_r_	0.0
2026	R03363__e_r_	0.0
2027	R04536__mito	0.0
2028	T_L_Lysine__chlomem	0.0
2029	T_G00012__golmem	0.0
2030	PKS_C144__cytop	0.0
2031	R01354__chlo	0.0
2032	R01481__cytop	0.0
2033	T_Oxygen_V2__mitmem	0.0
2034	R07998__cytop	0.0
2035	R10288__mito	0.0
2036	R01858__chlo	0.0
2037	R11009__e_r_	0.0
2038	EX_C00305__dra	-0.0
2039	R00429__mito	0.0
2040	TO1100258_PLAS__plas	0.0
2041	R02283__mito	0.0
2042	R01523__chlo	0.0
2043	EX_C00237__dra	-0.0
2044	R00904__mito	0.0
2045	TI2903796_PLAS__mitmem	0.0
2046	EX_C00007__dra	0.0
2047	R01054__mito	0.0
2048	R07274__chlo	0.0
2049	R03777__pero	0.0
2050	R01579__chlo	0.0
2051	R01775__chlo	0.0
2052	R04742__mito	0.0
2053	EX_C00283__dra	-0.0
2054	R00258__pero	0.0
2055	R09395__cytop	0.0
2056	R01041__e_r_	0.0
2057	R12757__cytop	0.0
2058	R02670__pero	0.0
2059	EX_C01330__dra	0.0
2060	R05341__chlo	0.0
2061	R04964__chlo	0.0
2062	T_H2O_V5__permem	0.0
2063	R08255__extr	0.0
2064	TZ2900007_PLAS__plas	0.0
2065	EX_C00740__dra	-0.0
2066	R03408__e_r_	0.0
2067	R04744__chlo	0.0
2068	R03425__mito	0.0
2069	R04552__chlo	0.0
2070	R02778__cytop	0.0
2071	R00330__chlo	0.0
2072	R00019__chlo	0.0
2073	R03024__extr	0.0
2074	R01056__chlo	0.0
2075	R00287__mito	0.0
2076	EX_C00844__dra	-0.0
2077	R03037__cytop	0.0
2078	R00899__chlo	0.0
2079	EX_C00014__dra	-0.0
2080	R07111__cytop	0.0
2081	T_Formaldehyde__mitmem	0.0
2082	R02326__chlo	0.0
2083	T_CMP_V2__ermem	0.0
2084	R02103__cytop	0.0
2085	T_Hydrogen_Peroxide_V1__mitmem	0.0
2086	R09832__cytop	0.0
2087	R04749__pero	0.0
2088	R02061__chlo	0.0
2089	R03629__chlo	0.0
2090	R04959__cytop	0.0
2091	R08174__pero	0.0
2092	R00429__nucl	0.0
2093	R00190__cytop	0.0
2094	R02142__cytop	0.0
2095	R01103__cytop	0.0
2096	R09737__chlo	0.0
2097	R09406__e_r_	0.0
2098	R05578__mito	0.0
2099	R07110__mito	0.0
2100	T_L_Allothreonine__chlomem	0.0
2101	R00923__mito	0.0
2102	R05688__mito	0.0
2103	R03036__mito	0.0
2104	R08177__cytop	0.0
2105	R06259__e_r_	0.0
2106	R00968__cytop	0.0
2107	R01070__chlo	0.0
2108	R00348__cytop	0.0
2109	R00582__chlo	0.0
2110	R08179__pero	0.0
2111	R07111__mito	0.0
2112	R05863__cytop	0.0
2113	R04744__pero	0.0
2114	R00925__chlo	0.0
2115	R07498__e_r_	0.0
2116	R02340__chlo	0.0
2117	R07021__chlo	0.0
2118	R01993__mito	0.0
2119	TO1000033_PLAS__plas	0.0
2120	R10491__chlo	0.0
2121	TR2300023_PLAS__mitmem	0.0
2122	R09425__e_r_	0.0
2123	EX_C00093__dra	-0.0
2124	R02985__e_r_	0.0
2125	R04559__mito	0.0
2126	R07461__cytop	0.0
2127	R09289__chlo	0.0
2128	R00866__chlo	0.0
2129	TO1100232_PLAS__plas	0.0
2130	R08166__cytop	0.0
2131	R04745__pero	0.0
2132	R03427__e_r_	0.0
2133	R06830__cytop	0.0
2134	R04503__mito	0.0
2135	RXN0_7160__nucl	0.0
2136	R00734__cytop	0.0
2137	R06942__pero	0.0
2138	R09424__e_r_	0.0
2139	R04726__chlo	0.0
2140	R00206__chlo	0.0
2141	R01315__cytop	0.0
2142	R07673__cytop	0.0
2143	R00311__chlo	0.0
2144	R02434__mito	0.0
2145	R00767__cytop	0.0
2146	R02719__cytop	0.0
2147	TR2900004_PLAS__mitmem	0.0
2148	R04224__mito	0.0
2149	R01398__cytop	0.0
2150	EX_C02659__dra	-0.0
2151	R02985__vacu	0.0
2152	R03530__mito	0.0
2153	R01801__e_r_	0.0
2154	R02098__chlo	0.0
2155	R09692__chlo	0.0
2156	R00751__chlo	0.0
2157	R02909__cytop	0.0
2158	R01354__cytop	0.0
2159	R00974__nucl	0.0
2160	R03089__e_r_	0.0
2161	R10951__cytop	0.0
2162	R00516__cytop	0.0
2163	R07100__cytop	0.0
2164	T_SAM_V1__ermem	0.0
2165	R01909__cytop	0.0
2166	R07558__chlo	0.0
2167	T_SUCFUMthr__chlomem	0.0
2168	R01800__e_r_	0.0
2169	T_FADH2__chlomem	0.0
2170	TO1100157_PLAS__plas	0.0
2171	R12571__cytop	0.0
2172	R03197__cytop	0.0
2173	R01279__mito	0.0
2174	R06127__cytop	0.0
2175	TO1000322_PLAS__plas	0.0
2176	R03186__cytop	0.0
2177	TO1000724_PLAS__plas	0.0
2178	T_all_trans_Nonaprenyl_diphosphate__chlomem	0.0
2179	T_MalonylCoA__ermem	0.0
2180	R08265__chlo	0.0
2181	R08094__mito	0.0
2182	R03660__cytop	0.0
2183	R02265__mito	0.0
2184	T_L_Valine__chlomem	0.0
2185	R02688__cytop	0.0
2186	R00900__mito	0.0
2187	R00127__nucl	0.0
2188	R05068__chlo	0.0
2189	R02030__mito	0.0
2190	R05634__chlo	0.0
2191	R01274__cytop	0.0
2192	R00566__cytop	0.0
2193	RXN_11884__e_r_	0.0
2194	R10147__chlo	0.0
2195	R02493__cytop	0.0
2196	R00940__cytop	0.0
2197	R02746__cytop	0.0
2198	R07897__chlo	0.0
2199	R07238__chlo	0.0
2200	R11319__nucl	0.0
2201	R07889__chlo	0.0
2202	R01324__mito	0.0
2203	TO1100154_PLAS__plas	0.0
2204	R03237__cytop	0.0
2205	T_ACACtm__mitmem	0.0
2206	R05799__nucl	0.0
2207	R03355__cytop	0.0
2208	R00562__mito	0.0
2209	R00529__mito	0.0
2210	R11894__cytop	0.0
2211	R04533__cytop	0.0
2212	EX_C01419__dra	-0.0
2213	R07105__cytop	0.0
2214	R03572__cytop	0.0
2215	RXN_16380__pero	0.0
2216	R07179__chlo	0.0
2217	R06366__chlo	0.0
2218	R00621__mito	0.0
2219	R05862__cytop	0.0
2220	R10035__cytop	0.0
2221	R04738__mito	0.0
2222	R01771__chlo	0.0
2223	R02529__cytop	0.0
2224	R10115__cytop	0.0
2225	TR0000098_PLAS__plas	0.0
2226	T_Hexadecanoic_acid_V1__ermem	0.0
2227	R06411__cytop	0.0
2228	T_Linoleoyl_CoA__ermem	0.0
2229	TZ2900004_PLAS__chlomem	0.0
2230	R07760__pero	0.0
2231	R04170__mito	0.0
2232	TR0000058_PLAS__plas	0.0
2233	T_Oxygen_V5__nucmem	0.0
2234	R08178__cytop	0.0
2235	R00342__mito	0.0
2236	RXN_21829__e_r_	0.0
2237	R04429__chlo	0.0
2238	R08181__cytop	0.0
2239	R07364__nucl	0.0
2240	R02985__cytop	0.0
2241	R07268__mito	0.0
2242	R06519__e_r_	0.0
2243	R07026__e_r_	0.0
2244	R02026__cytop	0.0
2245	TO1000135_PLAS__plas	0.0
2246	TO1001242_PLAS__plas	0.0
2247	R01126__cytop	0.0
2248	R07355__cytop	0.0
2249	R05071__chlo	0.0
2250	R06264__e_r_	0.0
2251	R03646__mito	0.0
2252	R00216__chlo	0.0
2253	R01818__cytop	0.0
2254	TR0000075_PLAS__plas	0.0
2255	R00127__mito	0.0
2256	R04953__mito	0.0
2257	R10852__chlo	0.0
2258	RXN_16655__cytop	0.0
2259	T_MANtg__golmem	0.0
2260	R07850__chlo	0.0
2261	R01252__cytop	0.0
2262	R01830__chlo	0.0
2263	RXN_14051__mito	0.0
2264	R00962__cytop	0.0
2265	R04920__golg	0.0
2266	R04740__pero	0.0
2267	R11174__e_r_	0.0
2268	R01361__mito	0.0
2269	R00085__cytop	0.0
2270	5DORK__cytop	0.0
2271	R00926__chlo	0.0
2272	RXN_19210_V3__chlo	0.0
2273	R05722__pero	0.0
2274	R09425__chlo	0.0
2275	R08192__pero	0.0
2276	R04640__cytop	0.0
2277	R00156__chlo	0.0
2278	R01431__cytop	0.0
2279	R10994__cytop	0.0
2280	RXN_19211__chlo	0.0
2281	RXN_13441__e_r_	0.0
2282	R03429__cytop	0.0
2283	R02353__cytop	0.0
2284	TR2000104_PLAS__mitmem	0.0
2285	R01138__chlo	0.0
2286	R03845__chlo	0.0
2287	R03210__mito	0.0
2288	R07081__chlo	0.0
2289	R01082__mito	0.0
2290	R09073__e_r_	0.0
2291	R07042__cytop	0.0
2292	R08255__cytop	0.0
2293	R02331__cytop	0.0
2294	EX_C00951__dra	-0.0
2295	R10688__e_r_	0.0
2296	R00159__golg	0.0
2297	R01104__cytop	0.0
2298	R00341__cytop	0.0
2299	R00149__mito	0.0
2300	R10764__mito	0.0
2301	R12427__chlo	0.0
2302	R03650__mito	0.0
2303	R02097__cytop	0.0
2304	R00316__cytop	0.0
2305	R07764__cytop	0.0
2306	R07601__mito	0.0
2307	R09087__cytop	0.0
2308	R06447__e_r_	0.0
2309	R01148__cytop	0.0
2310	TZ2900008_PLAS__vacmem	0.0
2311	R01466__cytop	0.0
2312	R03416__cytop	0.0
2313	T_Thiamine__chlomem	0.0
2314	R03869__cytop	0.0
2315	R07762__mito	0.0
2316	R04137__mito	0.0
2317	EX_C00327__dra	-0.0
2318	T_OAAAKGtm__mitmem	0.0
2319	R04543__chlo	0.0
2320	R04953__cytop	0.0
2321	RXN_12968__e_r_	0.0
2322	T_L_Leucine_V2__mitmem	0.0
2323	R04734__cytop	0.0
2324	R01857__chlo	0.0
2325	R04957__mito	0.0
2326	R03655__mito	0.0
2327	EX_C00078__dra	0.0
2328	R01230__cytop	0.0
2329	R07034__e_r_	0.0
2330	R07094__e_r_	0.0
2331	EX_C00402__dra	-0.0
2332	R04204__chlo	0.0
2333	R00782__mito	0.0
2334	R02957__cytop	0.0
2335	R07270__chlo	0.0
2336	T_Glucosylceramide__ermem	0.0
2337	R08300__cytop	0.0
2338	R04958__mito	0.0
2339	R12300__mito	0.0
2340	TI3000692_PLAS__plas	0.0
2341	R03596__mito	0.0
2342	R04962__cytop	0.0
2343	R01280__cytop	0.0
2344	TI3001549_PLAS__plas	0.0
2345	T_Glycine__chlomem	0.0
2346	RXN_1641__e_r_	0.0
2347	R00137__cytop	0.0
2348	T_NADtr__ermem	0.0
2349	R10507__mito	0.0
2350	R07099__e_r_	0.0
2351	R07001__e_r_	0.0
2352	R00286__cytop	0.0
2353	R05064__mito	0.0
2354	R01280__e_r_	0.0
2355	R00159__cytop	0.0
2356	EX_C00819__dra	-0.0
2357	R00115__chlo	0.0
2358	T_Biotin__mitmem	0.0
2359	R11319__mito	0.0
2360	R12423__chlo	0.0
2361	R08294__chlo	0.0
2362	R00678__cytop	0.0
2363	DEDOLP1__chlo	0.0
2364	R01175__pero	0.0
2365	R07393__cytop	0.0
2366	R00220__cytop	0.0
2367	R10851__cytop	0.0
2368	R04783__cytop	0.0
2369	R01639__cytop	0.0
2370	R05238__cytop	0.0
2371	TO1000105_PLAS__plas	0.0
2372	R00994__cytop	0.0
2373	R03096__cytop	0.0
2374	T_CO_V1__chlomem	0.0
2375	R00217__mito	0.0
2376	R06740__cytop	0.0
2377	TO1000066_PLAS__plas	0.0
2378	R07892__pero	0.0
2379	EX_C00410__dra	-0.0
2380	TR2000144_PLAS__golmem	0.0
2381	R07758__e_r_	0.0
2382	TR2900000_PLAS__mitmem	0.0
2383	R02568__mito	0.0
2384	R04560__cytop	0.0
2385	R04138__mito	0.0
2386	R04428__cytop	0.0
2387	R00770__cytop	0.0
2388	R09540__cytop	0.0
2389	R09993__cytop	0.0
2390	R00343__chlo	0.0
2391	R02035__cytop	0.0
2392	R03417__extr	0.0
2393	T_4_Aminobutanoate_V1__mitmem	0.0
2394	TO0010516_PLAS__mitmem	0.0
2395	R11099__chlo	0.0
2396	RXN_11876__e_r_	0.0
2397	TO3000356_E_R___ermem	0.0
2398	R00181__nucl	0.0
2399	R08926__cytop	0.0
2400	R05842__mito	0.0
2401	R00472__pero	0.0
2402	R00236__cytop	0.0
2403	T_FattyAcid__ermem	0.0
2404	R03646__cytop	0.0
2405	R03243__cytop	0.0
2406	TR2000132_PLAS__ermem	0.0
2407	R02355__chlo	0.0
2408	R11098__chlo	0.0
2409	R02247__e_r_	0.0
2410	R01231__cytop	0.0
2411	R02433__cytop	0.0
2412	R00465__cytop	0.0
2413	R00291__cytop	0.0
2414	R09656__chlo	0.0
2415	R01842__e_r_	0.0
2416	R02366__cytop	0.0
2417	EX_C02336__dra	-0.0
2418	R00590__mito	0.0
2419	R07674__mito	0.0
2420	R05578__cytop	0.0
2421	R07110__cytop	0.0
2422	R00158__mito	0.0
2423	R04031__cytop	0.0
2424	R00115__cytop	0.0
2425	R04956__chlo	0.0
2426	R12299__cytop	0.0
2427	R06521__chlo	0.0
2428	EX_C00032__dra	-0.0
2429	R12570__cytop	0.0
2430	R00434__nucl	0.0
2431	R05922__e_r_	0.0
2432	RXN_19210_V2__chlo	0.0
2433	R02619__cytop	0.0
2434	R07460__cytop	0.0
2435	EX_C00133__dra	0.0
2436	TO0001430_PLAS__plas	0.0
2437	T_CO2_V4__golmem	0.0
2438	R09423__cytop	0.0
2439	R01547__chlo	0.0
2440	TO3001154_PLAS__plas	0.0
2441	R08190__mito	0.0
2442	R03186__chlo	0.0
2443	EX_C00065__dra	-0.0
2444	R05575__pero	0.0
2445	TI3000050_E_R___ermem	0.0
2446	R07044__chlo	0.0
2447	R04969__cytop	0.0
2448	EX_C05697__dra	-0.0
2449	R07237__chlo	0.0
2450	R00405__cytop	0.0
2451	R04443__cytop	0.0
2452	TO0000365_PLAS__plas	0.0
2453	R07015__cytop	0.0
2454	TI2903792_PLAS__mitmem	0.0
2455	TO1100448_PLAS__plas	0.0
2456	T_SLC25A17_V5__permem	0.0
2457	R00895__cytop	0.0
2458	R07011__cytop	0.0
2459	R07679__mito	0.0
2460	RXN_13294__e_r_	0.0
2461	R09833__chlo	0.0
2462	T_Oxygen__plas	0.0
2463	T_L_Serine__chlomem	0.0
2464	R06263__e_r_	0.0
2465	R10634__mito	0.0
2466	R02747__extr	0.0
2467	R01364__cytop	0.0
2468	T_NADP__ermem	0.0
2469	R08165__cytop	0.0
2470	EX_C07585__dra	-0.0
2471	R12461__nucl	0.0
2472	R10170__chlo	0.0
2473	R01641__chlo	0.0
2474	EX_C01801__dra	-0.0
2475	EX_C00068__dra	-0.0
2476	R01549__nucl	0.0
2477	R10634__nucl	0.0
2478	R02199__chlo	0.0
2479	R07674__cytop	0.0
2480	T_AMP__golmem	0.0
2481	R03460__chlo	0.0
2482	R01049__mito	0.0
2483	R04737__mito	0.0
2484	R03353__e_r_	0.0
2485	R02291__chlo	0.0
2486	R00480__cytop	0.0
2487	R06366__cytop	0.0
2488	R03819__cytop	0.0
2489	EX_C18846__dra	-0.0
2490	R03661__cytop	0.0
2491	RXN_19210__chlo	0.0
2492	R07894__mito	0.0
2493	T_L_Isoleucine_V1__mitmem	0.0
2494	R09072__e_r_	0.0
2495	R00251__cytop	0.0
2496	R03182__mito	0.0
2497	R12428__chlo	0.0
2498	R01794__cytop	0.0
2499	TO1000314_PLAS__plas	0.0
2500	R07765__chlo	0.0
2501	R06128__cytop	0.0
2502	R10687__e_r_	0.0
2503	R02053__cytop	0.0
2504	R01826__chlo	0.0
2505	R07600__mito	0.0
2506	T_Orthophosphate__ermem	0.0
2507	R03875__nucl	0.0
2508	R00742__chlo	0.0
2509	R04286__cytop	0.0
2510	R09372__chlo	0.0
2511	R00024__chlo	0.0
2512	R05052__cytop	0.0
2513	R01360__mito	0.0
2514	TR0000026_PLAS__golmem	0.0
2515	T_L_Serine_V1__mitmem	0.0
2516	R03778__mito	0.0
2517	R10548__nucl	0.0
2518	R00755__cytop	0.0
2519	EX_C00082__dra	-0.0
2520	R07897__pero	0.0
2521	R00019__cytop	0.0
2522	R12376__cytop	0.0
2523	R08208__cytop	0.0
2524	R12424__mito	0.0
2525	T_Octadecanoic_acid__chlomem	0.0
2526	R02887__chlo	0.0
2527	R00432__mito	0.0
2528	R11645__e_r_	0.0
2529	T_NADH__chlomem	0.0
2530	R02971__mito	0.0
2531	TR2900030_CHLO__chlomem	0.0
2532	R04849__e_r_	0.0
2533	R05220__mito	0.0
2534	R09368__cytop	0.0
2535	R02702__cytop	0.0
2536	R01829__chlo	0.0
2537	R07899__pero	0.0
2538	R00093__chlo	0.0
2539	R04203__pero	0.0
2540	R01528__cytop	0.0
2541	R07267__mito	0.0
2542	R03968__chlo	0.0
2543	EX_C02265__dra	-0.0
2544	T_L_Methionine_V1__mitmem	0.0
2545	R01086__cytop	0.0
2546	R04326__mito	0.0
2547	T_IMP__chlomem	0.0
2548	TR0000966_PLAS__plas	0.0
2549	TO1000610_PLAS__plas	0.0
2550	R00430__chlo	0.0
2551	R05819__chlo	0.0
2552	R00964__nucl	0.0
2553	R08193__cytop	0.0
2554	R00369__cytop	0.0
2555	R05506__pero	0.0
2556	R04237__chlo	0.0
2557	EX_C14819__dra	-0.0
2558	R04457__chlo	0.0
2559	R00248__chlo	0.0
2560	R00517__cytop	0.0
2561	R03028__mito	0.0
2562	R02163__mito	0.0
2563	R04954__chlo	0.0
2564	R01518__chlo	0.0
2565	R01187__golg	0.0
2566	R01135__cytop	0.0
2567	T_5_Methylthioadenosine_V1__ermem	0.0
2568	R05259__chlo	0.0
2569	R00069__cytop	0.0
2570	R02889__cytop	0.0
2571	R06590__chlo	0.0
2572	T_Orotate__mitmem	0.0
2573	TO1000129_PLAS__plas	0.0
2574	R01252__e_r_	0.0
2575	R00710__chlo	0.0
2576	R02164__mito	0.0
2577	T__11Z_14Z__Icosadienoyl_CoA__ermem	0.0
2578	R04545__cytop	0.0
2579	R04173__chlo	0.0
2580	TI3000836_PLAS__plas	0.0
2581	R07178__chlo	0.0
2582	R03655__cytop	0.0
2583	R01827__mito	0.0
2584	R04952__mito	0.0
2585	R01163__cytop	0.0
2586	R07395__nucl	0.0
2587	T_Oleoyl_CoA__ermem	0.0
2588	R00582__cytop	0.0
2589	R00966__nucl	0.0
2590	R06514__cytop	0.0
2591	R01513__chlo	0.0
2592	R05000__mito	0.0
2593	TZ2900024_PLAS__chlomem	0.0
2594	EX_C00984__dra	-0.0
2595	R03090__chlo	0.0
2596	R01177__mito	0.0
2597	R00174__cytop	0.0
2598	R01512__mito	0.0
2599	R04143__cytop	0.0
2600	R07324__cytop	0.0
2601	R01015__chlo	0.0
2602	R07891__mito	0.0
2603	R01392__cytop	0.0
2604	R04300__cytop	0.0
2605	R00935__pero	0.0
2606	R00187__mito	0.0
2607	R08300__extr	0.0
2608	R04672__chlo	0.0
2609	RXN_13322__e_r_	0.0
2610	R02940__chlo	0.0
2611	TR0000034_PLAS__plas	0.0
2612	R07512__chlo	0.0
2613	R01731__mito	0.0
2614	R04844__e_r_	0.0
2615	R01569__e_r_	0.0
2616	R03311__cytop	0.0
2617	R12167__e_r_	0.0
2618	TO0000412_PLAS__vacmem	0.0
2619	R07893__chlo	0.0
2620	R03482__e_r_	0.0
2621	R00925__cytop	0.0
2622	RXN_12994__e_r_	0.0
2623	R05818__chlo	0.0
2624	R09416__e_r_	0.0
2625	T_TCYNTtm__mitmem	0.0
2626	R10907__cytop	0.0
2627	R01514__chlo	0.0
2628	EX_C00183__dra	-0.0
2629	R01185__cytop	0.0
2630	R04204__pero	0.0
2631	R03026__mito	0.0
2632	TI3000535_PLAS__plas	0.0
2633	EX_C00114__dra	-0.0
2634	R03920__cytop	0.0
2635	T_Ammonia_V3__permem	0.0
2636	R12459__mito	0.0
2637	R04963__chlo	0.0
2638	PKS_C40__cytop	0.0
2639	R00256__mito	0.0
2640	TR0011456_PLAS__ermem	0.0
2641	R08743__cytop	0.0
2642	R00719__golg	0.0
2643	R12390__mito	0.0
2644	R07977__cytop	0.0
2645	R00716__cytop	0.0
2646	R04968__mito	0.0
2647	R12356__pero	0.0
2648	TO1000100_PLAS__plas	0.0
2649	R09832__chlo	0.0
2650	R04058__extr	0.0
2651	R07083__chlo	0.0
2652	R08770__mito	0.0
2653	R12416__e_r_	0.0
2654	R06063__cytop	0.0
2655	R10619__cytop	0.0
2656	R05286__cytop	0.0
2657	R00216__cytop	0.0
2658	R00257__cytop	0.0
2659	T_FADH2_V2__mitmem	0.0
2660	R02746__extr	0.0
2661	R03140__chlo	0.0
2662	R02016__chlo	0.0
2663	R01770__cytop	0.0
2664	R10994__chlo	0.0
2665	RXN_11959__e_r_	0.0
2666	R00768__cytop	0.0
2667	PKS_C81__cytop	0.0
2668	R01123__chlo	0.0
2669	R00087__mito	0.0
2670	R00310__chlo	0.0
2671	RXN_16096__e_r_	0.0
2672	R00963__cytop	0.0
2673	R00197__mito	0.0
2674	R07531__chlo	0.0
2675	R07003__e_r_	0.0
2676	R08343__e_r_	0.0
2677	R00200__chlo	0.0
2678	T_Palmitoleoyl_CoA__ermem	0.0
2679	R05234__cytop	0.0
2680	R04920__e_r_	0.0
2681	TO3001378_PLAS__plas	0.0
2682	R00548__cytop	0.0
2683	R01317__cytop	0.0
2684	R05237__cytop	0.0
2685	RXN_12754__chlo	0.0
2686	T_Arachidonyl_CoA__ermem	0.0
2687	EX_C00049__dra	-0.0
2688	T_L_Tyrosine__chlomem	0.0
2689	PRISM_solar_exo__extr	0.0
2690	R11308__vacu	0.0
2691	R02124__cytop	0.0
2692	R03314__mito	0.0
2693	R02434__cytop	0.0
2694	R09450__pero	0.0
2695	R08358__cytop	0.0
2696	R00238__pero	0.0
2697	R08306__cytop	0.0
2698	TI3000298_PLAS__plas	0.0
2699	EX_C02380__dra	-0.0
2700	R06520__e_r_	0.0
2701	R10035__e_r_	0.0
2702	R07463__chlo	0.0
2703	TZ2900065_PLAS__plas	0.0
2704	R00120__cytop	0.0
2705	T_3__4_Hydroxyphenyl_pyruvate__mitmem	0.0
2706	R00708__cytop	0.0
2707	R00572__chlo	0.0
2708	R00221__chlo	0.0
2709	R03327__e_r_	0.0
2710	R01968__e_r_	0.0
2711	R03429__nucl	0.0
2712	T_L_Aspartate__chlomem	0.0
2713	T_L_Serine_V2__ermem	0.0
2714	R10179__mito	0.0
2715	T__9Z_12Z__hexadeca_9_12_dienoate__ermem	0.0
2716	T_NADtm__mitmem	0.0
2717	R04144__cytop	0.0
2718	R00345__mito	0.0
2719	R01083__cytop	0.0
2720	R03330__nucl	0.0
2721	e_Protein__cytop	0.0
2722	R03051__chlo	0.0
2723	R00131__cytop	0.0
2724	R01072__cytop	0.0
2725	TI3000040_PLAS__mitmem	0.0
2726	EX_C00794__dra	-0.0
2727	R07763__chlo	0.0
2728	R05703__e_r_	0.0
2729	R05577__cytop	0.0
2730	R03139__cytop	0.0
2731	R02236__cytop	0.0
2732	TO0000017_PLAS__mitmem	0.0
2733	R09366__cytop	0.0
2734	TO0000244_PLAS__plas	0.0
2735	R03220__chlo	0.0
2736	R00066__chlo	0.0
2737	R04743__mito	0.0
2738	R03869__mito	0.0
2739	R07079__chlo	0.0
2740	T_CoA_ADP__mitmem	0.0
2741	R02519__cytop	0.0
2742	RXN_11881__e_r_	0.0
2743	TO0000255_PLAS__chlomem	0.0
2744	EX_C00076__dra	0.0
2745	R07059__cytop	0.0
2746	EX_C04230__dra	-0.0
2747	R01526__cytop	0.0
2748	R00006__chlo	0.0
2749	TO1101242_PLAS__plas	0.0
2750	R07060__cytop	0.0
2751	R00754__cytop	0.0
2752	TO0000438_PLAS__vacmem	0.0
2753	R01080__cytop	0.0
2754	R11100__mito	0.0
2755	EX_C01885__dra	-0.0
2756	R09503_V1__chlo	0.0
2757	EX_C00525__dra	-0.0
2758	R09502__chlo	0.0
2759	R04831__e_r_	0.0
2760	TO1100082_PLAS__plas	0.0
2761	PKS_C143__cytop	0.0
2762	R07899__mito	0.0
2763	R08344__chlo	0.0
2764	R05615__mito	0.0
2765	R02091__cytop	0.0
2766	R09372__mito	0.0
2767	R01005__e_r_	0.0
2768	R08293__e_r_	0.0
2769	PRISM_red_LED_array_653nm__extr	0.0
2770	R02019__cytop	0.0
2771	R05286__chlo	0.0
2772	EX_C00187__dra	-0.0
2773	R12459__nucl	0.0
2774	R12424__chlo	0.0
2775	R09450_V1__pero	0.0
2776	R02354__e_r_	0.0
2777	R07087__e_r_	0.0
2778	R04922__golg	0.0
2779	R02464__e_r_	0.0
2780	TO1000023_PLAS__plas	0.0
2781	R04972__chlo	0.0
2782	T_FAD_V1__permem	0.0
2783	RXN_12969__e_r_	0.0
2784	R00922__pero	0.0
2785	R11945__mitmem	0.0
2786	R00996__mito	0.0
2787	R10116__chlo	0.0
2788	R02668__cytop	0.0
2789	R02683__mito	0.0
2790	R02569__chlo	0.0
2791	R05070__mito	0.0
2792	T_CDP_Choline_V1__golmem	0.0
2793	R01127__cytop	0.0
2794	R08175__mito	0.0
2795	TR2900128_PLAS__mitmem	0.0
2796	R07092__chlo	0.0
2797	R04959__mito	0.0
2798	R07392__cytop	0.0
2799	R08295__cytop	0.0
2800	TO1000320_PLAS__plas	0.0
2801	R01896__cytop	0.0
2802	R07354__cytop	0.0
2803	R03656__mito	0.0
2804	R00999__cytop	0.0
2805	R01863__cytop	0.0
2806	R01814__cytop	0.0
2807	R05066__mito	0.0
2808	TO1000306_PLAS__plas	0.0
2809	R07265__e_r_	0.0
2810	R03401__cytop	0.0
2811	R02472__cytop	0.0
2812	R09823__chlo	0.0
2813	R02918__cytop	0.0
2814	R00966__cytop	0.0
2815	R08182__mito	0.0
2816	T_2OXOADPtim__mitmem	0.0
2817	R01177__pero	0.0
2818	R04427__chlo	0.0
2819	R01471__cytop	0.0
2820	R01859__mito	0.0
2821	R03546__mito	0.0
2822	TI3001341_PLAS__plas	0.0
2823	EX_C00051__dra	0.0
2824	R03875__cytop	0.0
2825	R04968__cytop	0.0
2826	EX_C00473__dra	-0.0
2827	T_Hydrogen_Peroxide_V3__permem	0.0
2828	R01699__chlo	0.0
2829	R08251__cytop	0.0
2830	PRISM_high_pressure_sodium__extr	0.0
2831	R02566__mito	0.0
2832	R02687__e_r_	0.0
2833	TR0000242_PLAS__plas	0.0
2834	R03394__e_r_	0.0
2835	R08698__cytop	0.0
2836	R07481__chlo	0.0
2837	R07100__chlo	0.0
2838	R04199__chlo	0.0
2839	R04543__cytop	0.0
2840	EX_C05443__dra	-0.0
2841	R02135__chlo	0.0
2842	R00710__cytop	0.0
2843	R06194__cytop	0.0
2844	R00842__mito	0.0
2845	R00847__cytop	0.0
2846	R08146__cytop	0.0
2847	R02765__mito	0.0
2848	R01802__e_r_	0.0
2849	EX_C00162__dra	-0.0
2850	R08093__mito	0.0
2851	T_FattyAcid_V2__chlomem	0.0
2852	R00517__nucl	0.0
2853	R00659__mito	0.0
2854	R03658__mito	0.0
2855	R07023__chlo	0.0
2856	R07057__e_r_	0.0
2857	R04746__pero	0.0
2858	PKS_C206__cytop	0.0
2859	R00428__cytop	0.0
2860	R12171__e_r_	0.0
2861	R01226__mito	0.0
2862	TO3000348_PLAS__chlomem	0.0
2863	R02740__cytop	0.0
2864	R05595__mito	0.0
2865	R07500__e_r_	0.0
2866	R02371__nucl	0.0
2867	R01078__mito	0.0
2868	R07004__chlo	0.0
2869	R04965__cytop	0.0
2870	R04682__cytop	0.0
2871	R02095__mito	0.0
2872	T_SLC25A20__mitmem	0.0
2873	R11763__cytop	0.0
2874	R07116__e_r_	0.0
2875	R02097__nucl	0.0
2876	R00589__chlo	0.0
2877	R00970__nucl	0.0
2878	TI3000051_E_R___ermem	0.0
2879	R01624__cytop	0.0
2880	T_H2O__plas	0.0
2881	R00694__mito	0.0
2882	R02433__chlo	0.0
2883	R00332__cytop	0.0
2884	R03283__mito	0.0
2885	EX_C00121__dra	-0.0
2886	R00899__cytop	0.0
2887	TO1100751_PLAS__plas	0.0
2888	R00888__cytop	0.0
2889	T_Hexadecanoyl_CoA__chlomem	0.0
2890	T_L_Valine_V1__mitmem	0.0
2891	R03184__cytop	0.0
2892	R01665__cytop	0.0
2893	TO1000051_PLAS__plas	0.0
2894	R03222__chlo	0.0
2895	RXN_16380__mito	0.0
2896	R03478__nucl	0.0
2897	R00927__mito	0.0
2898	R12185__cytop	0.0
2899	R07618__mito	0.0
2900	R11308__extr	0.0
2901	R00479__mito	0.0
2902	EX_C05080__dra	-0.0
2903	R07002__chlo	0.0
2904	TO1001526_PLAS__plas	0.0
2905	R04929__mito	0.0
2906	R01137__mito	0.0
2907	R00335__e_r_	0.0
2908	R08159__chlo	0.0
2909	R00895__chlo	0.0
2910	R00289__chlo	0.0
2911	R05919__e_r_	0.0
2912	R10040__extr	0.0
2913	R08782__chlo	0.0
2914	R01010__extr	0.0
2915	R02874__e_r_	0.0
2916	R10992__pero	0.0
2917	R00178__cytop	0.0
2918	R03200__e_r_	0.0
2919	R07055__chlo	0.0
2920	R04378__cytop	0.0
2921	EX_C00097__dra	0.0
2922	R01227__cytop	0.0
2923	R09380__e_r_	0.0
2924	T_H2S__chlomem	0.0
2925	R03316__mito	0.0
2926	R01004__chlo	0.0
2927	EX_C00148__dra	-0.0
2928	T_CTP__ermem	0.0
2929	R02872__e_r_	0.0
2930	R07213__cytop	0.0
2931	T_Formaldehyde_V1__permem	0.0
2932	EX_C00942__dra	-0.0
2933	EX_C16837__dra	-0.0
2934	R02527__cytop	0.0
2935	PRISM_metal_halide__extr	0.0
2936	R01518__cytop	0.0
2937	R03628__cytop	0.0
2938	R02568__cytop	0.0
2939	R08232__nucl	0.0
2940	T__11Z_14Z_17Z__Icosatrienoyl_CoA__ermem	0.0
2941	R04960__mito	0.0
2942	R02557__cytop	0.0
2943	R04880__cytop	0.0
2944	TO1000381_PLAS__plas	0.0
2945	R01186__mito	0.0
2946	R07025__chlo	0.0
2947	R01529__cytop	0.0
2948	R10089__cytop	0.0
2949	R04901__cytop	0.0
2950	R09450_V1__cytop	0.0
2951	T_ATP__nucmem	0.0
2952	R01224__cytop	0.0
2953	R04639__cytop	0.0
2954	T_CDP_Choline__ermem	0.0
2955	EX_C00175__dra	-0.0
2956	R02985__chlo	0.0
2957	PKS_C102__cytop	0.0
2958	PRISM_red_LED_674nm__extr	0.0
2959	R04502__cytop	0.0
2960	R00719__cytop	0.0
2961	R00734__mito	0.0
2962	R07025__cytop	0.0
2963	R02918__chlo	0.0
2964	R04945__mito	0.0
2965	R08705__cytop	0.0
2966	CYSPH_RXN__cytop	0.0
2967	RXN_13001__e_r_	0.0
2968	R09424__chlo	0.0
2969	R09404__chlo	0.0
2970	TI3000697_PLAS__plas	0.0
2971	R07012__cytop	0.0
2972	R07781__cytop	0.0
2973	EX_C00577__dra	-0.0
2974	R11766__cytop	0.0
2975	R09450__cytop	0.0
2976	TO3000758_PLAS__plas	0.0
2977	R06941__pero	0.0
2978	OAADCO__mito	0.0
2979	R01773__cytop	0.0
2980	5DORI__cytop	0.0
2981	R04961__chlo	0.0
2982	R08391__e_r_	0.0
2983	R04725__chlo	0.0
2984	R03408__chlo	0.0
2985	R04137__pero	0.0
2986	R10035__vacu	0.0
2987	T_L_Glutamine__vacmem	0.0
2988	R03990__pero	0.0
2989	R07613__chlo	0.0
2990	EX_C00695__dra	0.0
2991	TO1101257_PLAS__plas	0.0
2992	R05693__cytop	0.0
2993	R03089__chlo	0.0
2994	R03524__cytop	0.0
2995	R07276__chlo	0.0
2996	R00259__chlo	0.0
2997	EX_C16543__dra	-0.0
2998	EX_C03742__dra	-0.0
2999	TO1000119_PLAS__plas	0.0
3000	R12658__mito	0.0
3001	EX_C00956__dra	-0.0
3002	TO1002611_PLAS__plas	0.0
3003	R00691__chlo	0.0
3004	R02326__cytop	0.0
3005	R01549__cytop	0.0
3006	R09433__cytop	0.0
3007	DM_photon646__chlo	-0.0
3008	R00491__e_r_	0.0
3009	R07273__mito	0.0
3010	R08107__e_r_	0.0
3011	R07411__cytop	0.0
3012	R07943__chlo	0.0
3013	R07499__e_r_	0.0
3014	R00253__chlo	0.0
3015	R03083__chlo	0.0
3016	R07395__cytop	0.0
3017	R02382__cytop	0.0
3018	R04740__chlo	0.0
3019	TR0000099_PLAS__mitmem	0.0
3020	R09420__chlo	0.0
3021	TI3001535_PLAS__plas	0.0
3022	EX_C00037__dra	-0.0
3023	R09406__chlo	0.0
3024	T_H2O_V1__chlomem	0.0
3025	R01776__mito	0.0
3026	T_H2O_V4__golmem	0.0
3027	R08265__e_r_	0.0
3028	EX_C00504__dra	-0.0
3029	EX_C05394__dra	-0.0
3030	R03956__mito	0.0
3031	R04285__cytop	0.0
3032	TR2000105_PLAS__mitmem	0.0
3033	R00363__mito	0.0
3034	R07070__e_r_	0.0
3035	R03814__e_r_	0.0
3036	R05051__cytop	0.0
3037	R12375__cytop	0.0
3038	R08267__chlo	0.0
3039	R08178__pero	0.0
3040	EX_C00155__dra	0.0
3041	R00425__chlo	0.0
3042	R03181__cytop	0.0
3043	R04241__cytop	0.0
3044	TO1000366_PLAS__plas	0.0
3045	TO0000149_PLAS__plas	0.0
3046	RXN_19211_V2__chlo	0.0
3047	T_SLC25A17__permem	0.0
3048	R09920__e_r_	0.0
3049	R00533__cytop	0.0
3050	R01616__mito	0.0
3051	R01388__mito	0.0
3052	R07021__e_r_	0.0
3053	R08176__pero	0.0
3054	T_Acetate_V1__mitmem	0.0
3055	TO3000354_E_R___ermem	0.0
3056	EX_C03360__dra	0.0
3057	R04535__cytop	0.0
3058	R03276__pero	0.0
3059	R02371__cytop	0.0
3060	R09408__chlo	0.0
3061	R08095__mito	0.0
3062	R10183__cytop	0.0
3063	R04150__pero	0.0
3064	R07362__cytop	0.0
3065	R03088__e_r_	0.0
3066	EX_C00135__dra	-0.0
3067	R01411__nucl	0.0
3068	R00036__chlo	0.0
3069	R09421__e_r_	0.0
3070	R00026__cytop	0.0
3071	R01561__cytop	0.0
3072	EX_C07054__dra	-0.0
3073	R04748__pero	0.0
3074	TO1000161_PLAS__plas	0.0
3075	R01073__chlo	0.0
3076	R04834__mito	0.0
3077	T_MALICITtm__mitmem	0.0
3078	R04724__mito	0.0
3079	R02926__cytop	0.0
3080	R03105__chlo	0.0
3081	R06522__e_r_	0.0
3082	T_PYR__permem	0.0
3083	R10928__cytop	0.0
3084	R06171__chlo	0.0
3085	R01658__chlo	0.0
3086	R04065__chlo	0.0
3087	R00209__cytop	0.0
3088	R04496__e_r_	0.0
3089	R01598__cytop	0.0
3090	R05050__chlo	0.0
3091	R04678__e_r_	0.0
3092	T_L_Phenylalanine__chlomem	0.0
3093	R07085__e_r_	0.0
3094	R02323__cytop	0.0
3095	T_L_Cysteine__chlomem	0.0
3096	R02135__extr	0.0
3097	R01969__cytop	0.0
3098	R07091__cytop	0.0
3099	R04404__cytop	0.0
3100	R01186__cytop	0.0
3101	R01286__mito	0.0
3102	T_Hexadecenal__ermem	0.0
3103	EX_C04501__dra	0.0
3104	R00355__chlo	0.0
3105	R01057__cytop	0.0
3106	R08192__cytop	0.0
3107	R07888__pero	0.0
3108	R07051__e_r_	0.0
3109	R03877__cytop	0.0
3110	R11125__cytop	0.0
3111	R03012__cytop	0.0
3112	e_Biomass__cytop	0.0
3113	T_L_Ornithine__chlomem	0.0
3114	EX_C01898__dra	-0.0
3115	R02521__cytop	0.0
3116	R02037__cytop	0.0
3117	T_Phosphatidate__chlomem	0.0
3118	R00481__cytop	0.0
3119	R00570__chlo	0.0
3120	R08210__chlo	0.0
3121	R03451__mito	0.0
3122	R02021__cytop	0.0
3123	T_L_Ascorbate_V1__mitmem	0.0
3124	R00970__cytop	0.0
3125	R03362__nucl	0.0
3126	R00942__nucl	0.0
3127	R09251__mito	0.0
3128	R00489__cytop	0.0
3129	R00084__chlo	0.0
3130	R00004__chlo	0.0
3131	R09408__e_r_	0.0
3132	R07461__chlo	0.0
3133	R10040__vacu	0.0
3134	R04167__chlo	0.0
3135	PKS_C123__cytop	0.0
3136	R01801__mito	0.0
3137	TI3000689_PLAS__plas	0.0
3138	R10065__cytop	0.0
3139	R12570__mito	0.0
3140	R10040__e_r_	0.0
3141	R04209__cytop	0.0
3142	R00731__cytop	0.0
3143	EX_C00670__dra	-0.0
3144	R04970__cytop	0.0
3145	R04746__chlo	0.0
3146	T_Riboflavin__chlomem	0.0
3147	R05639__e_r_	0.0
3148	R04441__chlo	0.0
3149	TI3000296_PLAS__plas	0.0
3150	R00497__cytop	0.0
3151	R00160__chlo	0.0
3152	R03815__mito	0.0
3153	R04001__chlo	0.0
3154	EX_C03708__dra	0.0
3155	R03629__e_r_	0.0
3156	R04247__cytop	0.0
3157	R03858__mito	0.0
3158	R10281__chlo	0.0
3159	R04965__chlo	0.0
3160	RXN_13302__e_r_	0.0
3161	R07098__chlo	0.0
3162	T_SLC25A17_V6__permem	0.0
3163	R04566__cytop	0.0
3164	R01090__chlo	0.0
3165	R02887__extr	0.0
3166	R04231__cytop	0.0
3167	R04945__cytop	0.0
3168	R05085__mito	0.0
3169	R04741__mito	0.0
3170	R03599__cytop	0.0
3171	R04433__mito	0.0
3172	R05755__cytop	0.0
3173	R00328__golg	0.0
3174	R08245__mito	0.0
3175	R00705__pero	0.0
3176	EX_C15681__dra	-0.0
3177	R07069__cytop	0.0
3178	TO1001608_PLAS__plas	0.0
3179	R01137__cytop	0.0
3180	R00258__mito	0.0
3181	T_SAM__chlomem	0.0
3182	R08244__cytop	0.0
3183	T_4_Aminobutanoate__chlomem	0.0
3184	R08772__mito	0.0
3185	R00352__cytop	0.0
3186	R00350__mito	0.0
3187	R05305__mito	0.0
3188	PKS_C164__cytop	0.0
3189	R02933__cytop	0.0
3190	R07094__cytop	0.0
3191	R05980__e_r_	0.0
3192	T_PCHOL_HStg__golmem	0.0
3193	TO1000069_PLAS__plas	0.0
3194	R01706__cytop	0.0
3195	TO1000411_PLAS__plas	0.0
3196	R02367__cytop	0.0
3197	R01183__cytop	0.0
3198	TR2000107_PLAS__chlomem	0.0
3199	R03004__cytop	0.0
3200	TO1100074_PLAS__mitmem	0.0
3201	R02101__cytop	0.0
3202	R00727__mito	0.0
3203	PRISM_incandescent_60W__extr	0.0
3204	T_L_Cysteine_V1__mitmem	0.0
3205	R00569__cytop	0.0
3206	R11044__chlo	0.0
3207	TI3000016_PLAS__plas	0.0
3208	R11861__cytop	0.0
3209	R03383__mito	0.0
3210	R08186__mito	0.0
3211	TO0000309_PLAS__plas	0.0
3212	T_1_Phosphatidyl_D_myo_inositol__nucmem	0.0
3213	R04330__e_r_	0.0
3214	EX_C00101__dra	-0.0
3215	R02736__chlo	0.0
3216	R01870__cytop	0.0
3217	R06412__pero	0.0
3218	EX_C01324__dra	-0.0
3219	EX_C05973__dra	-0.0
3220	TZ2900000_PLAS__vacmem	0.0
3221	R02985__extr	0.0
3222	R04847__mito	0.0
3223	R07000__chlo	0.0
3224	R07048__e_r_	0.0
3225	R02619__chlo	0.0
3226	R00899__pero	0.0
3227	R04922__e_r_	0.0
3228	EX_C00064__dra	-0.0
3229	R02073__cytop	0.0
3230	R10463__chlo	0.0
3231	R02026__mito	0.0
3232	R10991__mito	0.0
3233	T_SAMT1__chlomem	0.0
3234	R02250__e_r_	0.0
3235	R04494__cytop	0.0
3236	R00722__chlo	0.0
3237	T_L_Homocysteine__chlomem	0.0
3238	T_FADH2_V1__permem	0.0
3239	R01375__mito	0.0
3240	R07491__e_r_	0.0
3241	R08345__e_r_	0.0
3242	TO0001217_PLAS__vacmem	0.0
3243	EX_C00407__dra	-0.0
3244	T__9Z_12Z_15Z__Octadecatrienoyl_CoA__ermem	0.0
3245	R03857__pero	0.0
3246	R03004__nucl	0.0
3247	R00267__mito	0.0
3248	TR2000108_PLAS__chlomem	0.0
3249	R00275__cytop	0.0
3250	R02732__cytop	0.0
3251	TO1122637_PLAS__plas	0.0
3252	R03478__cytop	0.0
3253	R01041__cytop	0.0
3254	R04224__pero	0.0
3255	TO1000232_PLAS__plas	0.0
3256	R01711__cytop	0.0
3257	R01384__golg	0.0
3258	TO1000179_PLAS__plas	0.0
3259	R00945__cytop	0.0
3260	R05237__mito	0.0
3261	TO0000654_PLAS__vacmem	0.0
3262	R07267__cytop	0.0
3263	TZ2900012_PLAS__mitmem	0.0
3264	DEDOLP2__e_r_	0.0
3265	R03443__chlo	0.0
3266	R00829__mito	0.0
3267	R00868__cytop	0.0
3268	R04966__mito	0.0
3269	R07486__e_r_	0.0
3270	R02024__cytop	0.0
3271	R02356__e_r_	0.0
3272	R02800__chlo	0.0
3273	R10117__mito	0.0
3274	R06866__cytop	0.0
3275	R04745__mito	0.0
3276	T_FAD_V2__mitmem	0.0
3277	R01956__cytop	0.0
3278	R11323__mito	0.0
3279	R03004__mito	0.0
3280	R10118__chlo	0.0
3281	R07501__cytop	0.0
3282	R07760__e_r_	0.0
3283	R01214__chlo	0.0
3284	R10997__mito	0.0
3285	R04754__mito	0.0
3286	R03663__cytop	0.0
3287	R01214__cytop	0.0
3288	R05802__nucl	0.0
3289	R04534__chlo	0.0
3290	R10093__cytop	0.0
3291	R06604__mito	0.0
3292	R00451__chlo	0.0
3293	R05549__cytop	0.0
3294	R08177__mito	0.0
3295	R07762__e_r_	0.0
3296	R09224__cytop	0.0
3297	R03012__chlo	0.0
3298	R01793__cytop	0.0
3299	R02239__chlo	0.0
3300	TO0000056_PLAS__plas	0.0
3301	R10122__mito	0.0
3302	R08921__cytop	0.0
3303	R00942__mito	0.0
3304	R07094__chlo	0.0
3305	R01678__cytop	0.0
3306	R01384__cytop	0.0
3307	TO1000039_PLAS__plas	0.0
3308	R03504__cytop	0.0
3309	R04747__mito	0.0
3310	R04445__cytop	0.0
3311	R01090__cytop	0.0
3312	T_NADH_V1__ermem	0.0
3313	R05238__chlo	0.0
3314	R02300__mito	0.0
3315	TE_1__cytop	0.0
3316	R02957__chlo	0.0
3317	R04355__cytop	0.0
3318	EX_C16647__dra	-0.0
3319	R00354__mito	0.0
3320	TY3000001_PLAS__plas	0.0
3321	R10120__mito	0.0
3322	R03508__chlo	0.0
3323	R04903__chlo	0.0
3324	T__GlcNAc_2_Man_5_Asn_1__golmem	0.0
3325	R00105__mito	0.0
3326	SOX__mito	0.0
3327	R04958__cytop	0.0
3328	EX_C00376__dra	-0.0
3329	TO1019001_PLAS__plas	0.0
3330	R02748__cytop	0.0
3331	R09137__cytop	0.0
3332	R08924__mito	0.0
3333	EX_C00309__dra	-0.0
3334	R00278__cytop	0.0
3335	R02352__e_r_	0.0
3336	R02240__chlo	0.0
3337	R04970__chlo	0.0
3338	TO3001046_PLAS__plas	0.0
3339	R03600__chlo	0.0
3340	R01845__cytop	0.0
3341	R00942__cytop	0.0
3342	R02649__chlo	0.0
3343	RXN_12127__cytop	0.0
3344	TI3000695_PLAS__plas	0.0
3345	T_Prephenate__chlomem	0.0
3346	R00571__cytop	0.0
3347	R03239__cytop	0.0
3348	R06942__mito	0.0
3349	R10119__mito	0.0
3350	T_2_Succinylbenzoate__permem	0.0
3351	R01931__mito	0.0
3352	R04726__cytop	0.0
3353	R07316__cytop	0.0
3354	TR0000209_PLAS__plas	0.0
3355	R00085__golg	0.0
3356	T_AKGCITtm__mitmem	0.0
3357	EX_C00310__dra	0.0
3358	R00335__golg	0.0
3359	R11527__cytop	0.0
3360	EX_C02110__dra	-0.0
3361	R07004__cytop	0.0
3362	R04787__chlo	0.0
3363	R06238__cytop	0.0
3364	TR0000239_PLAS__plas	0.0
3365	TO3000572_PLAS__plas	0.0
3366	R03118__cytop	0.0
3367	R08146__chlo	0.0
3368	R04203__cytop	0.0
3369	EX_C01233__dra	-0.0
3370	EX_C05993__dra	-0.0
3371	R06266__chlo	0.0
3372	R08258__e_r_	0.0
3373	R00355__cytop	0.0
3374	R04785__cytop	0.0
3375	R00221__cytop	0.0
3376	R02887__e_r_	0.0
3377	R06286_V1__chlo	0.0
3378	R05551__cytop	0.0
3379	R00571__mito	0.0
3380	R06590__cytop	0.0
3381	R08921__chlo	0.0
3382	R02887__vacu	0.0
3383	R08238__mito	0.0
3384	R02905__cytop	0.0
3385	T_Glycerol__permem	0.0
3386	R01280__mito	0.0
3387	TR6900007_PLAS__mitmem	0.0
3388	R00491__cytop	0.0
3389	R03650__cytop	0.0
3390	R02565__cytop	0.0
3391	R02978__e_r_	0.0
3392	R00512__cytop	0.0
3393	R02084__mito	0.0
3394	R00986__chlo	0.0
3395	R05801__cytop	0.0
3396	R05259__e_r_	0.0
3397	R09827__cytop	0.0
3398	R04711__mito	0.0
3399	T_S_Allantoin__mitmem	0.0
3400	TO3001997_PLAS__plas	0.0
3401	R00515__cytop	0.0
3402	TO1015390_PLAS__plas	0.0
3403	R05842__cytop	0.0
3404	TI2903797_PLAS__mitmem	0.0
3405	R00103__mito	0.0
3406	R03102__cytop	0.0
3407	R05086__chlo	0.0
3408	R01655__mito	0.0
3409	R01933__mito	0.0
3410	R03236__cytop	0.0
3411	TO0000205_PLAS__plas	0.0
3412	R00494__cytop	0.0
3413	R05041__cytop	0.0
3414	R02558__chlo	0.0
3415	TR2300186_PLAS__mitmem	0.0
3416	R08198__cytop	0.0
3417	R07140__cytop	0.0
3418	R08980__cytop	0.0
3419	PKS_C61__cytop	0.0
3420	R04955__cytop	0.0
3421	TO1000064_PLAS__plas	0.0
3422	TO1000705_PLAS__plas	0.0
3423	R00206__cytop	0.0
3424	R04751__pero	0.0
3425	R08181__pero	0.0
3426	TI3000046_PLAS__plas	0.0
3427	R01273__cytop	0.0
3428	R03430__e_r_	0.0
3429	T_Formate__ermem	0.0
3430	R00342__cytop	0.0
3431	R00104__chlo	0.0
3432	R00185__cytop	0.0
3433	EX_C01825__dra	-0.0
3434	TI0004098_PLAS__plas	0.0
3435	R02135__cytop	0.0
3436	R08182__cytop	0.0
3437	R03038__cytop	0.0
3438	R04125__mito	0.0
3439	EX_C16836__dra	-0.0
3440	T_Hexadecanoyl_CoA_V1__permem	0.0
3441	R07081__e_r_	0.0
3442	R08380__cytop	0.0
3443	T_Hexadecanal__ermem	0.0
3444	R01582__cytop	0.0
3445	R05724__e_r_	0.0
3446	R01752__cytop	0.0
3447	RXN_13306__e_r_	0.0
3448	R04568__chlo	0.0
3449	R03260__mito	0.0
3450	EX_C19609__dra	-0.0
3451	T_Sulfite__chlomem	0.0
3452	T__R__Lactate__mitmem	0.0
3453	R00573__mito	0.0
3454	EX_C00474__dra	-0.0
3455	T_Glycolate_V2__permem	0.0
3456	R08231__cytop	0.0
3457	EX_C01996__dra	-0.0
3458	R01397__cytop	0.0
3459	DM_photon438__chlo	0.0
3460	T_Cytidine__nucmem	0.0
3461	T_ATPtg__golmem	0.0
3462	R07281__chlo	0.0
3463	R06869__cytop	0.0
3464	TI3000279_PLAS__ermem	0.0
3465	R03572__mito	0.0
3466	R11891__mito	0.0
3467	R00293__cytop	0.0
3468	R06412__chlo	0.0
3469	EX_C03541__dra	-0.0
3470	T_ACACtx__permem	0.0
3471	R01456__e_r_	0.0
3472	R00103__nucl	0.0
3473	T_H__ermem	0.0
3474	R05979__e_r_	0.0
3475	R01975__pero	0.0
3476	TO1000138_PLAS__plas	0.0
3477	R10092__chlo	0.0
3478	R08380__e_r_	0.0
3479	R01768__cytop	0.0
3480	EX_C00238__dra	-0.0
3481	RXN_16094__e_r_	0.0
3482	R05586__mito	0.0
3483	R11896__chlo	0.0
3484	R02222__e_r_	0.0
3485	R00139__mito	0.0
3486	R08183__pero	0.0
3487	EX_C00205__dra	0.0
3488	R01381__cytop	0.0
3489	R03689__e_r_	0.0
3490	R06526__e_r_	0.0
3491	TI3000690_PLAS__plas	0.0
3492	R01845__chlo	0.0
3493	T_5_Deoxyadenosine__chlomem	0.0
3494	R10052__cytop	0.0
3495	R11892__cytop	0.0
3496	R08220__e_r_	0.0
3497	R02272__chlo	0.0
3498	R02331__chlo	0.0
3499	CYSPH_RXN__mito	0.0
3500	R02332__nucl	0.0
3501	R11895__mito	0.0
3502	R05223__e_r_	0.0
3503	R01430__cytop	0.0
3504	e_Carbohydrate__cytop	0.0
3505	R07035__cytop	0.0
3506	TZ3100001_PLAS__plas	0.0
3507	R03066__cytop	0.0
3508	R01724__cytop	0.0
3509	R02490__mito	0.0
3510	R00893__cytop	0.0
3511	R05165__cytop	0.0
3512	R08270__chlo	0.0
3513	T_HMGCOAtm__mitmem	0.0
3514	EX_C00009__dra	0.0
3515	R05052__chlo	0.0
